postid,postdate,tag,TFMvalue,comparitive_count,Normalized_count
1533,1248813540,0,0.666666667,1,0.016666667
1534,1248813780,0,0.666666667,0,0
1535,1248813780,0,0.666666667,3,0.05
1536,1248814020,0,0.666666667,6,0.1
1537,1305727740,0,0.8,0,0
1538,1291981920,0,0.833333333,0,0
1539,1321289820,0,0.5,5,0.083333333
1540,1248823500,0,0.8,1,0.016666667
1541,1248813840,0,0.8,2,0.033333333
1542,1294237440,0,0.65,0,0
1543,1328777460,0,0.666666667,0,0
1544,1358978460,0,0.857142857,2,0.033333333
1545,1294948500,0,0.5,0,0
1546,1242810420,0,0.666666667,6,0.1
1547,1242810660,0,0.777777778,2,0.033333333
1548,1321295160,0,0.75,3,0.05
1549,1242810720,0,0.666666667,0,0
1550,1323280320,0,0.833333333,1,0.016666667
1551,1242810660,0,0.75,0,0
1552,1242819780,0,0.75,0,0
1553,1242810660,0,0.875,0,0
1554,1328421840,0,0.8,1,0.016666667
1555,1378937640,0,0.75,0,0
1556,1387666560,0,0.75,1,0.016666667
1557,1350474600,0,0.8,0,0
1558,1367125680,0,0.666666667,0,0
1559,1367953020,0,0.666666667,0,0
1560,1400682780,0,0.6,1,0.016666667
1561,1401626460,0,0.833333333,0,0
1562,1405097160,0,0.8,2,0.033333333
1563,1285855620,0,0.7,1,0.016666667
1564,1285859340,0,0.666666667,15,0.25
1565,1285855980,0,0.666666667,2,0.033333333
1566,1285856100,0,0.833333333,2,0.033333333
1567,1285856820,0,0.666666667,0,0
1568,1285857420,0,0.5,1,0.016666667
1569,1285860780,0,0.666666667,1,0.016666667
1570,1285855800,0,0.894736842,2,0.033333333
1571,1285856820,0,0.666666667,0,0
1572,1285856160,0,0.666666667,2,0.033333333
1573,1285855860,0,0.75,4,0.066666667
1574,1285906200,0,0.714285714,1,0.016666667
1575,1285971480,0,0.6,1,0.016666667
1576,1285856100,0,0.666666667,0,0
1577,1285857540,0,0.857142857,1,0.016666667
1578,1285856160,0,0.75,4,0.066666667
1579,1285888500,0,0.666666667,1,0.016666667
1580,1322305680,0,0.75,1,0.016666667
1581,1285867800,0,0.833333333,0,0
1582,1285876500,0,0.928571429,8,0.133333333
1583,1285916400,0,0.666666667,1,0.016666667
1584,1285951080,0,0.666666667,2,0.033333333
1585,1285982160,0,0.666666667,8,0.133333333
1586,1291980540,0,0.857142857,1,0.016666667
1587,1285919940,0,0.75,1,0.016666667
1588,1285953780,0,0.714285714,3,0.05
1589,1232881500,0,0.826086957,1,0.016666667
1590,1232883360,0,0.888888889,2,0.033333333
1591,1313511060,0,0.714285714,2,0.033333333
1592,1313511840,0,0.866666667,7,0.116666667
1593,1313511180,0,0.666666667,2,0.033333333
1594,1313513400,0,0.75,1,0.016666667
1595,1313511240,0,0.75,0,0
1596,1313511360,0,0.875,3,0.05
1597,1313511660,0,0.8,1,0.016666667
1598,1359407460,0,0.8,0,0
1599,1359407520,0,0.833333333,9,0.15
1600,1359407520,0,0.666666667,1,0.016666667
1601,1359407520,0,0.833333333,0,0
1602,1359407520,0,0.75,1,0.016666667
1603,1377284400,0,0.666666667,7,0.116666667
1604,1377286140,0,0.8,12,0.2
1605,1377285720,0,0.833333333,0,0
1606,1377285480,0,0.928571429,2,0.033333333
1607,1396803660,0,0.666666667,0,0
1608,1377284820,0,0.8,6,0.1
1609,1291769820,0,0.857142857,2,0.033333333
1610,1291770120,0,0.875,1,0.016666667
1611,1291770780,0,0.8,17,0.283333333
1612,1291770060,0,0.833333333,0,0
1613,1291770120,0,0.75,6,0.1
1614,1291770300,0,0.666666667,9,0.15
1615,1291786200,0,0.666666667,18,0.3
1616,1291770720,0,0.733333333,4,0.066666667
1617,1291770300,0,0.714285714,5,0.083333333
1618,1291770180,0,0.888888889,3,0.05
1619,1291770360,0,0.8,6,0.1
1620,1291770720,0,0.666666667,2,0.033333333
1621,1291781220,0,0.5,1,0.016666667
1622,1291780680,0,0.571428571,5,0.083333333
1623,1291794780,0,0.888888889,1,0.016666667
1624,1291772700,0,0.666666667,3,0.05
1625,1295512020,0,0.75,0,0
1626,1291777920,0,0.666666667,1,0.016666667
1627,1291803000,0,0.666666667,7,0.116666667
1628,1220639520,0,0.666666667,1,0.016666667
1629,1220641380,0,0.8,6,0.1
1630,1220641380,0,0.666666667,5,0.083333333
1631,1233006420,0,0.75,0,0
1632,1220639880,0,0.75,6,0.1
1633,1220649420,0,0.666666667,4,0.066666667
1634,1222296240,0,0.75,3,0.05
1635,1271778060,0,0.666666667,2,0.033333333
1636,1220640180,0,0.666666667,2,0.033333333
1637,1232972760,0,0.8,0,0
1638,1289802420,0,0.9375,1,0.016666667
1639,1289804820,0,0.75,15,0.25
1640,1289804040,0,0.75,3,0.05
1641,1289804760,0,0.571428571,6,0.1
1642,1342978920,0,0.75,2,0.033333333
1643,1342979040,0,0.5,3,0.05
1644,1342979760,0,0.666666667,1,0.016666667
1645,1343070300,0,0.8,1,0.016666667
1646,1317990720,0,0.75,4,0.066666667
1647,1317990900,0,0.666666667,0,0
1648,1317990900,0,0.8,1,0.016666667
1649,1317990900,0,0.8,0,0
1650,1317991020,0,0.8,0,0
1651,1317990900,0,0.785714286,0,0
1652,1317991020,0,0.666666667,0,0
1653,1345906680,0,0.666666667,1,0.016666667
1654,1317993780,0,0.928571429,0,0
1655,1309823100,0,0.666666667,3,0.05
1656,1309883340,0,0.75,2,0.033333333
1657,1297975560,0,0.666666667,2,0.033333333
1658,1297976400,0,0.625,0,0
1659,1297975680,0,0.75,0,0
1660,1297975620,0,0.8,1,0.016666667
1661,1297975860,0,0.666666667,0,0
1662,1314884340,0,0.5,4,0.066666667
1663,1314884460,0,0.666666667,16,0.266666667
1664,1314884460,0,0.8,1,0.016666667
1665,1296239340,0,0.6,1,0.016666667
1666,1296239460,0,0.833333333,3,0.05
1667,1296239460,0,0.666666667,1,0.016666667
1668,1380564480,0,0.75,1,0.016666667
1669,1296239460,0,0.666666667,1,0.016666667
1670,1296239520,0,0.5,2,0.033333333
1671,1296244680,0,0.818181818,4,0.066666667
1672,1296480120,0,0.666666667,5,0.083333333
1673,1365173220,0,0.714285714,0,0
1674,1296239580,0,0.666666667,2,0.033333333
1675,1341909780,0,0.666666667,1,0.016666667
1676,1341910320,0,0.8,8,0.133333333
1677,1341912000,0,0.857142857,0,0
1678,1341910260,0,0.75,1,0.016666667
1679,1345552980,0,0.666666667,9,0.15
1680,1373537940,0,0.5,0,0
1681,1384683240,0,0.875,1,0.016666667
1682,1341910260,0,0.666666667,0,0
1683,1280139900,0,0.666666667,0,0
1684,1280140080,0,0.8,3,0.05
1685,1280142180,0,0.666666667,1,0.016666667
1686,1280139960,0,0.666666667,2,0.033333333
1687,1280143680,0,0.666666667,4,0.066666667
1688,1357073520,0,0.666666667,0,0
1689,1402443240,0,0.666666667,2,0.033333333
1690,1246439340,0,0.857142857,6,0.1
1691,1246440360,0,0.666666667,15,0.25
1692,1246440060,0,0.75,4,0.066666667
1693,1246439880,0,0.666666667,0,0
1694,1351155840,0,0.888888889,4,0.066666667
1695,1246448100,0,0.7,0,0
1696,1246442100,0,0.5,6,0.1
1697,1246439880,0,0.5,9,0.15
1698,1246449540,0,0.666666667,1,0.016666667
1699,1246439820,0,0.5,5,0.083333333
1700,1246441320,0,0.714285714,1,0.016666667
1701,1246443540,0,0.666666667,0,0
1702,1246453740,0,0.75,0,0
1703,1246444200,0,0.666666667,4,0.066666667
1704,1246439820,0,0.75,1,0.016666667
1705,1246444020,0,0.8,2,0.033333333
1706,1246454640,0,0.75,0,0
1707,1246469160,0,0.8,10,0.166666667
1708,1246513500,0,0.6875,4,0.066666667
1709,1246515960,0,0.75,1,0.016666667
1710,1265970180,0,0.666666667,2,0.033333333
1711,1246446720,0,0.666666667,1,0.016666667
1712,1393358880,0,0.666666667,1,0.016666667
1713,1351183320,0,0.75,0,0
1714,1351183440,0,0.555555556,0,0
1715,1351183440,0,0.75,1,0.016666667
1716,1351183500,0,0.75,1,0.016666667
1717,1351184040,0,0.8,0,0
1718,1351198500,0,0.666666667,3,0.05
1719,1270010460,0,0.6,1,0.016666667
1720,1270015320,0,0.769230769,4,0.066666667
1721,1270018560,0,0.714285714,7,0.116666667
1722,1305020940,0,0.777777778,1,0.016666667
1723,1270039920,0,0.8,0,0
1724,1270010700,0,0.666666667,0,0
1725,1270010700,0,0.75,2,0.033333333
1726,1270012800,0,0.666666667,4,0.066666667
1727,1270010700,0,0.666666667,2,0.033333333
1728,1231468680,0,0.666666667,3,0.05
1729,1240280700,0,0.75,1,0.016666667
1730,1231476180,0,0.75,3,0.05
1731,1231469340,0,0.666666667,3,0.05
1732,1231471440,0,0.75,1,0.016666667
1733,1231469040,0,0.8,3,0.05
1734,1231476720,0,0.666666667,13,0.216666667
1735,1371041820,0,0.666666667,5,0.083333333
1736,1314008520,0,0.666666667,1,0.016666667
1737,1337477220,0,0.75,1,0.016666667
1738,1361175480,0,0.6,0,0
1739,1260508380,0,0.6,0,0
1740,1260508620,0,0.833333333,0,0
1741,1260509700,0,0.666666667,6,0.1
1742,1260510000,0,0.666666667,5,0.083333333
1743,1260508980,0,0.666666667,5,0.083333333
1744,1260509040,0,0.857142857,1,0.016666667
1745,1260532260,0,0.914285714,11,0.183333333
1746,1260543420,0,0.857142857,6,0.1
1747,1260546960,0,0.75,14,0.233333333
1748,1379119260,0,0.75,5,0.083333333
1749,1379119320,0,0.75,0,0
1750,1379120100,0,0.666666667,2,0.033333333
1751,1296148860,0,0.666666667,1,0.016666667
1752,1296149040,0,0.75,0,0
1753,1363166640,0,0.5,0,0
1754,1296149100,0,0.8,0,0
1755,1296148980,0,0.777777778,0,0
1756,1343678040,0,0.923076923,1,0.016666667
1757,1321348140,0,0.666666667,1,0.016666667
1758,1305799200,0,0.714285714,1,0.016666667
1759,1392721680,0,0.8,0,0
1760,1265955900,0,0.5,0,0
1761,1265956200,0,0.6,2,0.033333333
1762,1265956200,0,0.857142857,3,0.05
1763,1265956440,0,0.571428571,3,0.05
1764,1377742260,0,0.75,0,0
1765,1243197000,0,0.941176471,4,0.066666667
1766,1243197240,0,0.625,4,0.066666667
1767,1243198620,0,0.888888889,2,0.033333333
1768,1243197480,0,0.75,3,0.05
1769,1263440340,0,0.909090909,3,0.05
1770,1243197180,0,0.888888889,3,0.05
1771,1243197300,0,0.75,1,0.016666667
1772,1311348480,0,0.818181818,5,0.083333333
1773,1311349620,0,0.75,23,0.383333333
1774,1311349080,0,0.833333333,1,0.016666667
1775,1311349440,0,0.75,3,0.05
1776,1268704380,0,0.857142857,0,0
1777,1268704560,0,0.8,2,0.033333333
1778,1268704500,0,0.888888889,0,0
1779,1268704740,0,0.8,0,0
1780,1364991000,0,0.833333333,1,0.016666667
1781,1261665900,0,0.833333333,0,0
1782,1261689180,0,0.8,0,0
1783,1261666920,0,0.8,5,0.083333333
1784,1261666320,0,0.8,2,0.033333333
1785,1261666320,0,0.5,0,0
1786,1261666920,0,0.666666667,2,0.033333333
1787,1261666800,0,0.75,1,0.016666667
1788,1261688460,0,0.75,2,0.033333333
1789,1268228340,0,0.75,1,0.016666667
1790,1372327920,0,0.833333333,4,0.066666667
1791,1372887360,0,0.857142857,9,0.15
1792,1376313780,0,0.75,0,0
1793,1376313900,0,0.833333333,12,0.2
1794,1376313960,0,0.666666667,4,0.066666667
1795,1376313900,0,0.833333333,5,0.083333333
1796,1376313960,0,0.75,4,0.066666667
1797,1376315700,0,0.909090909,14,0.233333333
1798,1376313960,0,0.75,4,0.066666667
1799,1376314680,0,0.75,3,0.05
1800,1376315160,0,0.75,5,0.083333333
1801,1376313840,0,0.666666667,1,0.016666667
1802,1376314020,0,0.571428571,4,0.066666667
1803,1376314140,0,0.666666667,2,0.033333333
1804,1376314860,0,0.75,3,0.05
1805,1376323080,0,0.75,9,0.15
1806,1297336320,0,0.666666667,4,0.066666667
1807,1297336860,0,0.5,0,0
1808,1297336920,0,0.888888889,0,0
1809,1297336740,0,0.8,15,0.25
1810,1297336680,0,0.75,4,0.066666667
1811,1297338240,0,0.875,0,0
1812,1245832920,0,0.666666667,3,0.05
1813,1245833100,0,0.8,1,0.016666667
1814,1245841560,0,0.666666667,0,0
1815,1363807440,0,0.8,1,0.016666667
1816,1382930040,0,0.75,0,0
1817,1363807620,0,0.833333333,3,0.05
1818,1363808220,0,0.5,0,0
1819,1363808460,0,0.8,0,0
1820,1334926560,0,0.769230769,2,0.033333333
1821,1334927820,0,0.6,2,0.033333333
1822,1334927400,0,0.846153846,0,0
1823,1349624100,0,0.75,3,0.05
1824,1277405700,0,0.666666667,1,0.016666667
1825,1277405820,0,0.714285714,0,0
1826,1401900660,0,0.666666667,7,0.116666667
1827,1401901320,0,0.75,2,0.033333333
1828,1296008460,0,0.6,2,0.033333333
1829,1296010020,0,0.5,5,0.083333333
1830,1245783480,0,0.6,0,0
1831,1245783720,0,0.75,4,0.066666667
1832,1245787920,0,0.75,0,0
1833,1245783840,0,0.666666667,0,0
1834,1245784740,0,0.666666667,5,0.083333333
1835,1245785100,0,0.666666667,0,0
1836,1245783720,0,0.875,0,0
1837,1245784440,0,0.666666667,2,0.033333333
1838,1329519960,0,0.666666667,2,0.033333333
1839,1329523260,0,0.666666667,9,0.15
1840,1329520380,0,0.75,2,0.033333333
1841,1329520740,0,0.666666667,1,0.016666667
1842,1329527100,0,0.666666667,14,0.233333333
1843,1269914880,0,0.666666667,1,0.016666667
1844,1269916680,0,0.6,0,0
1845,1269916680,0,0.6,3,0.05
1846,1335134940,0,0.75,3,0.05
1847,1335135120,0,0.714285714,1,0.016666667
1848,1335135840,0,0.5,4,0.066666667
1849,1335135660,0,0.714285714,0,0
1850,1367601840,0,0.5,15,0.25
1851,1367602500,0,0.75,1,0.016666667
1852,1367611680,0,0.6,11,0.183333333
1853,1263930720,0,0.75,2,0.033333333
1854,1263935220,0,0.5,1,0.016666667
1855,1263930960,0,0.666666667,2,0.033333333
1856,1263931560,0,0.714285714,4,0.066666667
1857,1263930900,0,0.8,1,0.016666667
1858,1263932700,0,0.75,3,0.05
1859,1263930960,0,0.6,4,0.066666667
1860,1263931020,0,0.666666667,3,0.05
1861,1263931080,0,0.857142857,1,0.016666667
1862,1324450800,0,0.833333333,2,0.033333333
1863,1324451100,0,0.5,0,0
1864,1324450980,0,0.875,1,0.016666667
1865,1324452180,0,0.75,0,0
1866,1384244940,0,0.666666667,1,0.016666667
1867,1384245420,0,0.8,2,0.033333333
1868,1384245420,0,0.75,0,0
1869,1384245420,0,0.666666667,0,0
1870,1384245420,0,0.6,0,0
1871,1384245300,0,0.5,0,0
1872,1384245780,0,0.75,0,0
1873,1384245780,0,0.909090909,0,0
1874,1384247520,0,0.8,1,0.016666667
1875,1301198040,0,0.833333333,4,0.066666667
1876,1301216820,0,0.857142857,5,0.083333333
1877,1301200500,0,0.8,1,0.016666667
1878,1339390800,0,0.833333333,3,0.05
1879,1339391400,0,0.625,4,0.066666667
1880,1300850580,0,0.875,3,0.05
1881,1300850880,0,0.8,1,0.016666667
1882,1318218960,0,0.8,0,0
1883,1288707120,0,0.833333333,2,0.033333333
1884,1288707660,0,0.75,2,0.033333333
1885,1288707660,0,0.6,3,0.05
1886,1288707900,0,0.8,1,0.016666667
1887,1288707720,0,0.8,3,0.05
1888,1288708140,0,0.75,1,0.016666667
1889,1288707900,0,0.909090909,1,0.016666667
1890,1288708080,0,0.888888889,1,0.016666667
1891,1358922300,0,0.666666667,0,0
1892,1358922540,0,0.833333333,3,0.05
1893,1358923080,0,0.625,2,0.033333333
1894,1396658940,0,0.857142857,1,0.016666667
1895,1320858780,0,0.888888889,5,0.083333333
1896,1320859140,0,0.5,0,0
1897,1320859200,0,0.833333333,2,0.033333333
1898,1320859080,0,0.5,0,0
1899,1320859320,0,0.666666667,1,0.016666667
1900,1320859560,0,0.857142857,1,0.016666667
1901,1320859140,0,0.928571429,1,0.016666667
1902,1320859560,0,0.8,3,0.05
1903,1352733780,0,0.666666667,0,0
1904,1352733960,0,0.666666667,5,0.083333333
1905,1352734140,0,0.833333333,3,0.05
1906,1352734020,0,0.555555556,3,0.05
1907,1352734020,0,0.75,3,0.05
1908,1352734080,0,0.555555556,6,0.1
1909,1321991940,0,0.666666667,3,0.05
1910,1321992420,0,0.8,5,0.083333333
1911,1286454840,0,0.75,1,0.016666667
1912,1286455020,0,0.666666667,3,0.05
1913,1286455020,0,0.666666667,2,0.033333333
1914,1286455140,0,0.571428571,2,0.033333333
1915,1286457360,0,0.571428571,0,0
1916,1286458920,0,0.7,0,0
1917,1286474040,0,0.666666667,4,0.066666667
1918,1286455140,0,0.75,0,0
1919,1286455200,0,0.714285714,1,0.016666667
1920,1371776580,0,0.75,7,0.116666667
1921,1371778200,0,0.909090909,4,0.066666667
1922,1298715840,0,0.888888889,1,0.016666667
1923,1298716860,0,0.666666667,5,0.083333333
1924,1298716080,0,0.8,4,0.066666667
1925,1298716320,0,0.6,12,0.2
1926,1298721060,0,0.833333333,7,0.116666667
1927,1298724300,0,0.6,2,0.033333333
1928,1291209660,0,0.5,8,0.133333333
1929,1291210260,0,0.75,3,0.05
1930,1291209780,0,0.875,4,0.066666667
1931,1395334620,0,0.777777778,7,0.116666667
1932,1395334980,0,0.833333333,11,0.183333333
1933,1395335040,0,0.666666667,2,0.033333333
1934,1395335820,0,0.571428571,3,0.05
1935,1395335340,0,0.75,1,0.016666667
1936,1302394260,0,0.666666667,9,0.15
1937,1302394980,0,0.666666667,9,0.15
1938,1302398340,0,0.8,1,0.016666667
1939,1297578600,0,0.8,3,0.05
1940,1297579020,0,0.75,0,0
1941,1297578960,0,0.75,0,0
1942,1297578960,0,0.928571429,2,0.033333333
1943,1297579320,0,0.666666667,3,0.05
1944,1297579440,0,0.833333333,0,0
1945,1404035160,0,0.8,6,0.1
1946,1404035820,0,0.75,4,0.066666667
1947,1404035580,0,0.8,2,0.033333333
1948,1382037180,0,0.769230769,2,0.033333333
1949,1382037420,0,0.909090909,0,0
1950,1382038020,0,0.714285714,2,0.033333333
1951,1354573680,0,0.75,4,0.066666667
1952,1354574220,0,0.8,1,0.016666667
1953,1354574820,0,0.857142857,1,0.016666667
1954,1353558660,0,0.666666667,7,0.116666667
1955,1353559620,0,0.666666667,0,0
1956,1353559500,0,0.75,3,0.05
1957,1295899980,0,0.8,4,0.066666667
1958,1295901300,0,0.714285714,3,0.05
1959,1295908260,0,0.666666667,2,0.033333333
1960,1375450560,0,0.666666667,4,0.066666667
1961,1393651200,0,0.833333333,1,0.016666667
1962,1393651440,0,0.833333333,6,0.1
1963,1277327760,0,0.666666667,6,0.1
1964,1277503860,0,0.8,1,0.016666667
1965,1277331780,0,0.8,1,0.016666667
1966,1277329980,0,0.666666667,0,0
1967,1277330400,0,0.75,1,0.016666667
1968,1277328480,0,0.75,4,0.066666667
1969,1277328240,0,0.75,2,0.033333333
1970,1277328120,0,0.833333333,3,0.05
1971,1277329560,0,0.666666667,3,0.05
1972,1277328900,0,0.5,2,0.033333333
1973,1277328420,0,0.6,3,0.05
1974,1277363280,0,0.666666667,2,0.033333333
1975,1277799900,0,0.857142857,15,0.25
1976,1277328480,0,0.666666667,1,0.016666667
1977,1277496480,0,0.5,2,0.033333333
1978,1277497380,0,0.8,2,0.033333333
1979,1277328300,0,0.8,2,0.033333333
1980,1235447640,0,0.75,1,0.016666667
1981,1235447820,0,0.666666667,8,0.133333333
1982,1235452860,0,0.75,11,0.183333333
1983,1235462280,0,0.75,5,0.083333333
1984,1235447880,0,0.642857143,0,0
1985,1235508600,0,0.75,4,0.066666667
1986,1235447940,0,0.555555556,1,0.016666667
1987,1235461800,0,0.666666667,1,0.016666667
1988,1235473860,0,0.75,0,0
1989,1235850240,0,0.75,3,0.05
1990,1272076260,0,0.75,1,0.016666667
1991,1272076560,0,0.888888889,2,0.033333333
1992,1272076920,0,0.833333333,0,0
1993,1272076860,0,0.75,0,0
1994,1252031040,0,0.6,0,0
1995,1252031700,0,0.5,0,0
1996,1310256360,0,0.666666667,0,0
1997,1310256540,0,0.8,0,0
1998,1310256600,0,0.75,0,0
1999,1310256600,0,0.666666667,1,0.016666667
2000,1310256600,0,0.666666667,0,0
2001,1310257020,0,0.666666667,0,0
2002,1288205820,0,0.571428571,2,0.033333333
2003,1288206780,0,0.666666667,0,0
2004,1288206060,0,0.666666667,4,0.066666667
2005,1288206900,0,0.75,1,0.016666667
2006,1288206000,0,0.666666667,0,0
2007,1288207020,0,0.5,0,0
2008,1288207080,0,0.928571429,1,0.016666667
2009,1288206060,0,0.75,4,0.066666667
2010,1288206000,0,0.8,0,0
2011,1288206180,0,0.833333333,2,0.033333333
2012,1354637940,0,0.833333333,0,0
2013,1354639140,0,0.75,3,0.05
2014,1354638300,0,0.857142857,0,0
2015,1354638480,0,0.666666667,0,0
2016,1354638060,0,0.75,1,0.016666667
2017,1354638600,0,0.6,0,0
2018,1272580680,0,0.75,3,0.05
2019,1272587640,0,0.666666667,1,0.016666667
2020,1272580740,0,0.6,3,0.05
2021,1272582600,0,0.888888889,0,0
2022,1272580860,0,0.75,0,0
2023,1272581040,0,0.875,0,0
2024,1272582060,0,0.75,3,0.05
2025,1271660100,0,0.833333333,1,0.016666667
2026,1271660400,0,0.8,4,0.066666667
2027,1271660340,0,0.666666667,0,0
2028,1271660340,0,0.9,1,0.016666667
2029,1271660880,0,0.666666667,1,0.016666667
2030,1271664480,0,0.875,2,0.033333333
2031,1271764620,0,0.75,2,0.033333333
2032,1321732380,0,0.857142857,2,0.033333333
2033,1321734540,0,0.666666667,1,0.016666667
2034,1330679040,0,0.666666667,1,0.016666667
2035,1321732800,0,0.555555556,0,0
2036,1354757580,0,0.666666667,2,0.033333333
2037,1354758120,0,0.5,0,0
2038,1354758060,0,0.6,0,0
2039,1354757640,0,0.666666667,3,0.05
2040,1354758360,0,0.777777778,0,0
2041,1403744880,0,0.666666667,1,0.016666667
2042,1354761960,0,0.666666667,3,0.05
2043,1303457580,0,0.75,2,0.033333333
2044,1303457640,0,0.666666667,4,0.066666667
2045,1288848540,0,0.8,0,0
2046,1288849380,0,0.666666667,2,0.033333333
2047,1288849560,0,0.666666667,0,0
2048,1288849500,0,0.666666667,1,0.016666667
2049,1334944320,0,0.8,0,0
2050,1288849200,0,0.666666667,0,0
2051,1289241060,0,0.8,0,0
2052,1288854000,0,0.833333333,0,0
2053,1288850100,0,0.75,2,0.033333333
2054,1391627940,0,0.6,1,0.016666667
2055,1382427840,0,0.666666667,3,0.05
2056,1382433240,0,0.666666667,1,0.016666667
2057,1382428200,0,0.75,6,0.1
2058,1382432880,0,0.5,2,0.033333333
2059,1382428200,0,0.8,0,0
2060,1382431080,0,0.75,7,0.116666667
2061,1337223360,0,0.75,2,0.033333333
2062,1337223660,0,0.666666667,2,0.033333333
2063,1318089720,0,0.666666667,3,0.05
2064,1318090860,0,0.857142857,0,0
2065,1318090860,0,0.5,9,0.15
2066,1311670260,0,0.75,0,0
2067,1311670500,0,0.666666667,3,0.05
2068,1311670560,0,0.8,1,0.016666667
2069,1311670620,0,0.5,0,0
2070,1311670740,0,0.666666667,3,0.05
2071,1311670560,0,0.666666667,2,0.033333333
2072,1311670500,0,0.769230769,2,0.033333333
2073,1311670620,0,0.666666667,4,0.066666667
2074,1311670800,0,0.666666667,4,0.066666667
2075,1311672720,0,0.714285714,6,0.1
2076,1393582440,0,0.8,3,0.05
2077,1393584180,0,0.75,1,0.016666667
2078,1360015680,0,0.875,2,0.033333333
2079,1360015860,0,0.5,3,0.05
2080,1360015920,0,0.666666667,1,0.016666667
2081,1360015860,0,0.75,1,0.016666667
2082,1360015740,0,0.666666667,3,0.05
2083,1360016460,0,0.875,1,0.016666667
2084,1360021140,0,0.75,9,0.15
2085,1300638060,0,0.5,1,0.016666667
2086,1300638240,0,0.6,3,0.05
2087,1300638180,0,0.666666667,2,0.033333333
2088,1300638720,0,0.75,1,0.016666667
2089,1300644420,0,0.75,2,0.033333333
2090,1299548940,0,0.833333333,1,0.016666667
2091,1299549300,0,0.666666667,3,0.05
2092,1355789700,0,0.714285714,0,0
2093,1355793420,0,0.8,1,0.016666667
2094,1355790000,0,0.5,0,0
2095,1355790060,0,0.75,1,0.016666667
2096,1345698480,0,0.666666667,3,0.05
2097,1345698660,0,0.8,0,0
2098,1345698600,0,0.666666667,0,0
2099,1345698960,0,0.666666667,4,0.066666667
2100,1360706100,0,0.666666667,0,0
2101,1329527040,0,0.666666667,4,0.066666667
2102,1329528000,0,0.571428571,1,0.016666667
2103,1329463260,0,0.666666667,1,0.016666667
2104,1329463860,0,0.666666667,0,0
2105,1329463500,0,0.666666667,0,0
2106,1329463980,0,0.833333333,0,0
2107,1304429640,0,0.75,4,0.066666667
2108,1304430420,0,0.8,1,0.016666667
2109,1304430480,0,0.857142857,0,0
2110,1304429820,0,0.75,3,0.05
2111,1304430120,0,0.75,1,0.016666667
2112,1304430360,0,0.75,1,0.016666667
2113,1283947680,0,0.5,2,0.033333333
2114,1283948640,0,0.875,2,0.033333333
2115,1283947860,0,0.666666667,0,0
2116,1283947860,0,0.666666667,2,0.033333333
2117,1283947920,0,0.666666667,1,0.016666667
2118,1283949360,0,0.8,0,0
2119,1287267180,0,0.857142857,1,0.016666667
2120,1283948520,0,0.75,2,0.033333333
2121,1283948940,0,0.666666667,2,0.033333333
2122,1283949360,0,0.666666667,4,0.066666667
2123,1253285220,0,0.833333333,2,0.033333333
2124,1253285520,0,0.8,1,0.016666667
2125,1253285340,0,0.666666667,1,0.016666667
2126,1253285640,0,0.857142857,1,0.016666667
2127,1253285700,0,0.875,3,0.05
2128,1253285340,0,0.666666667,1,0.016666667
2129,1253285580,0,0.666666667,0,0
2130,1253285520,0,0.666666667,4,0.066666667
2131,1253285640,0,0.666666667,0,0
2132,1253286180,0,0.666666667,0,0
2133,1269967140,0,0.8,1,0.016666667
2134,1374091320,0,0.5,0,0
2135,1253285400,0,0.666666667,1,0.016666667
2136,1253285400,0,0.666666667,3,0.05
2137,1268414700,0,0.833333333,2,0.033333333
2138,1268415420,0,0.8,3,0.05
2139,1267741800,0,0.75,3,0.05
2140,1267741920,0,0.75,3,0.05
2141,1267742820,0,0.666666667,4,0.066666667
2142,1267741980,0,0.5,2,0.033333333
2143,1267778040,0,0.75,2,0.033333333
2144,1375600200,0,0.5,1,0.016666667
2145,1375602180,0,0.666666667,5,0.083333333
2146,1375600920,0,0.666666667,0,0
2147,1346005620,0,0.75,0,0
2148,1346007300,0,0.666666667,0,0
2149,1349565060,0,0.846153846,0,0
2150,1377748380,0,0.75,0,0
2151,1377748560,0,0.75,4,0.066666667
2152,1377748740,0,0.666666667,1,0.016666667
2153,1377752100,0,0.857142857,0,0
2154,1340539980,0,0.714285714,1,0.016666667
2155,1340540460,0,0.5,2,0.033333333
2156,1340540220,0,0.666666667,0,0
2157,1340540280,0,0.75,0,0
2158,1340540160,0,0.75,0,0
2159,1340540400,0,0.888888889,1,0.016666667
2160,1332168180,0,0.666666667,0,0
2161,1332168420,0,0.8,2,0.033333333
2162,1359734880,0,0.5,5,0.083333333
2163,1359735000,0,0.875,2,0.033333333
2164,1359735480,0,0.666666667,1,0.016666667
2165,1359735060,0,0.5,1,0.016666667
2166,1359735120,0,0.571428571,0,0
2167,1359735060,0,0.666666667,1,0.016666667
2168,1359739860,0,0.625,0,0
2169,1351514580,0,0.5,3,0.05
2170,1351515180,0,0.8,5,0.083333333
2171,1351514940,0,0.666666667,1,0.016666667
2172,1351514700,0,0.75,0,0
2173,1351514700,0,0.5,0,0
2174,1351515120,0,0.875,2,0.033333333
2175,1293203640,0,0.888888889,0,0
2176,1293219540,0,0.75,3,0.05
2177,1293203820,0,0.666666667,0,0
2178,1375281600,0,0.666666667,5,0.083333333
2179,1375281900,0,0.916666667,3,0.05
2180,1375281840,0,0.75,3,0.05
2181,1375281900,0,0.857142857,1,0.016666667
2182,1372651200,0,0.666666667,0,0
2183,1372651440,0,0.5,1,0.016666667
2184,1372651440,0,0.75,0,0
2185,1372651380,0,0.666666667,1,0.016666667
2186,1355163840,0,0.9,6,0.1
2187,1355165760,0,0.666666667,1,0.016666667
2188,1355165940,0,0.75,1,0.016666667
2189,1355165940,0,0.666666667,2,0.033333333
2190,1318564260,0,0.666666667,1,0.016666667
2191,1318565160,0,0.8,3,0.05
2192,1318564560,0,0.666666667,1,0.016666667
2193,1318564560,0,0.666666667,0,0
2194,1318564740,0,0.666666667,0,0
2195,1318569300,0,0.5,0,0
2196,1313001600,0,0.5,5,0.083333333
2197,1313001840,0,0.875,1,0.016666667
2198,1299771180,0,0.75,0,0
2199,1299771360,0,0.75,1,0.016666667
2200,1299771300,0,0.5,0,0
2201,1299771360,0,0.857142857,0,0
2202,1299813120,0,0.75,0,0
2203,1299713700,0,0.666666667,3,0.05
2204,1299714300,0,0.666666667,4,0.066666667
2205,1299714540,0,0.75,2,0.033333333
2206,1389270840,0,0.5,1,0.016666667
2207,1389270960,0,0.666666667,1,0.016666667
2208,1389270960,0,0.857142857,3,0.05
2209,1389271320,0,0.8,1,0.016666667
2210,1389271380,0,0.666666667,2,0.033333333
2211,1384617720,0,0.916666667,0,0
2212,1384623540,0,0.5,5,0.083333333
2213,1383840300,0,0.666666667,1,0.016666667
2214,1383840780,0,0.571428571,1,0.016666667
2215,1383840600,0,0.642857143,1,0.016666667
2216,1383840900,0,0.5,6,0.1
2217,1375493280,0,0.666666667,1,0.016666667
2218,1375497120,0,0.923076923,4,0.066666667
2219,1375495680,0,0.666666667,0,0
2220,1375496220,0,0.75,1,0.016666667
2221,1375543560,0,0.5,1,0.016666667
2222,1375495020,0,0.625,3,0.05
2223,1372333680,0,0.8,4,0.066666667
2224,1372336200,0,0.818181818,0,0
2225,1372336860,0,0.714285714,2,0.033333333
2226,1372334520,0,0.666666667,2,0.033333333
2227,1372335420,0,0.6,0,0
2228,1372335120,0,0.75,3,0.05
2229,1372432680,0,0.666666667,0,0
2230,1366737720,0,0.916666667,0,0
2231,1366739100,0,0.875,0,0
2232,1354632180,0,0.8,4,0.066666667
2233,1354636080,0,0.916666667,2,0.033333333
2234,1354633740,0,0.833333333,0,0
2235,1332303420,0,0.75,5,0.083333333
2236,1332303720,0,0.666666667,2,0.033333333
2237,1317340920,0,0.833333333,3,0.05
2238,1317340920,0,0.666666667,3,0.05
2239,1317341040,0,0.666666667,11,0.183333333
2240,1317341100,0,0.666666667,1,0.016666667
2241,1317341160,0,0.625,2,0.033333333
2242,1317341700,0,0.666666667,0,0
2243,1317341460,0,0.857142857,2,0.033333333
2244,1317343020,0,0.714285714,2,0.033333333
2245,1317362220,0,0.833333333,0,0
2246,1306316100,0,0.75,1,0.016666667
2247,1306316880,0,0.6,3,0.05
2248,1306317300,0,0.666666667,0,0
2249,1299148620,0,0.666666667,6,0.1
2250,1299149400,0,0.75,3,0.05
2251,1299149040,0,0.666666667,0,0
2252,1299149340,0,0.666666667,0,0
2253,1261498980,0,0.666666667,10,0.166666667
2254,1261499400,0,0.75,0,0
2255,1331794440,0,0.5,0,0
2256,1403456820,0,0.5,9,0.15
2257,1403457300,0,0.75,0,0
2258,1403457180,0,0.75,1,0.016666667
2259,1398287100,0,0.75,0,0
2260,1398287280,0,0.5,3,0.05
2261,1398287460,0,0.888888889,1,0.016666667
2262,1397998380,0,0.75,6,0.1
2263,1397998800,0,0.8,2,0.033333333
2264,1393068960,0,0.571428571,0,0
2265,1393173420,0,0.714285714,0,0
2266,1393083360,0,0.666666667,0,0
2267,1391791380,0,0.777777778,4,0.066666667
2268,1391791620,0,0.833333333,12,0.2
2269,1391793420,0,0.8,4,0.066666667
2270,1391791740,0,0.75,1,0.016666667
2271,1391796600,0,0.875,9,0.15
2272,1375776960,0,0.5,2,0.033333333
2273,1375779600,0,0.6,1,0.016666667
2274,1369932480,0,0.75,2,0.033333333
2275,1369932900,0,0.666666667,3,0.05
2276,1369932720,0,0.8,2,0.033333333
2277,1369932720,0,0.75,0,0
2278,1369932780,0,0.75,1,0.016666667
2279,1368337620,0,0.666666667,6,0.1
2280,1368337740,0,0.8,2,0.033333333
2281,1368337920,0,0.666666667,2,0.033333333
2282,1364466360,0,0.8,2,0.033333333
2283,1364467560,0,0.666666667,5,0.083333333
2284,1364467440,0,0.857142857,1,0.016666667
2285,1360558680,0,0.5,0,0
2286,1360559340,0,0.888888889,0,0
2287,1360559520,0,0.75,0,0
2288,1359440340,0,0.666666667,1,0.016666667
2289,1359440460,0,0.8,2,0.033333333
2290,1359440700,0,0.666666667,3,0.05
2291,1359440520,0,0.666666667,0,0
2292,1359440520,0,0.6,0,0
2293,1359440580,0,0.666666667,2,0.033333333
2294,1354118640,0,0.75,1,0.016666667
2295,1354119000,0,0.875,4,0.066666667
2296,1354119180,0,0.6,1,0.016666667
2297,1345009440,0,0.666666667,1,0.016666667
2298,1345010280,0,0.5,3,0.05
2299,1345009680,0,0.666666667,0,0
2300,1338564660,0,0.666666667,5,0.083333333
2301,1338564960,0,0.6,2,0.033333333
2302,1338565260,0,0.666666667,3,0.05
2303,1338570720,0,0.75,1,0.016666667
2304,1338567120,0,0.75,1,0.016666667
2305,1337779080,0,0.5,4,0.066666667
2306,1337782860,0,0.666666667,4,0.066666667
2307,1336055340,0,0.857142857,3,0.05
2308,1336055640,0,0.5,8,0.133333333
2309,1336055460,0,0.666666667,3,0.05
2310,1331059800,0,0.6,2,0.033333333
2311,1331060580,0,0.666666667,3,0.05
2312,1331058480,0,0.8,1,0.016666667
2313,1331058660,0,0.75,1,0.016666667
2314,1331058660,0,0.5,0,0
2315,1331058660,0,0.8,0,0
2316,1320619320,0,0.75,3,0.05
2317,1320619440,0,0.75,1,0.016666667
2318,1320621480,0,0.666666667,0,0
2319,1320619440,0,0.8,0,0
2320,1320619560,0,0.666666667,1,0.016666667
2321,1404040680,0,0.666666667,6,0.1
2322,1404041520,0,0.75,1,0.016666667
2323,1404041640,0,0.5,0,0
2324,1380911340,0,0.666666667,3,0.05
2325,1380913500,0,0.666666667,1,0.016666667
2326,1327698600,0,0.625,2,0.033333333
2327,1327699200,0,0.769230769,0,0
2328,1327699020,0,0.666666667,2,0.033333333
2329,1327699260,0,0.75,0,0
2330,1327699320,0,0.8,3,0.05
2331,1395453420,0,0.75,4,0.066666667
2332,1395456060,0,0.666666667,0,0
2333,1395455340,0,0.666666667,1,0.016666667
2334,1395455400,0,0.583333333,0,0
2335,1395456660,0,0.8,0,0
2336,1391423820,0,0.857142857,1,0.016666667
2337,1391423880,0,0.833333333,4,0.066666667
2338,1391423940,0,0.75,2,0.033333333
2339,1391424240,0,0.666666667,0,0
2340,1352485440,0,0.666666667,0,0
2341,1352491320,0,0.857142857,2,0.033333333
2342,1352485620,0,0.8,0,0
2343,1352485740,0,0.8,1,0.016666667
2344,1352485560,0,0.75,0,0
2345,1352485680,0,0.666666667,0,0
2346,1361990460,0,0.666666667,1,0.016666667
2347,1361990700,0,0.705882353,1,0.016666667
2348,1361990760,0,0.75,1,0.016666667
2349,1361990820,0,0.8,0,0
5789,1272638340,1,0.785714286,2,0.033333333
5790,1272638640,1,0.9,0,0
5791,1272638640,1,0.571428571,5,0.083333333
5792,1272638760,1,0.9,2,0.033333333
5793,1272639000,1,0.733333333,6,0.1
5794,1354617780,1,0.625,5,0.083333333
5795,1364627640,1,0.75,2,0.033333333
5796,1280914860,1,0.666666667,3,0.05
5797,1280915460,1,0.888888889,14,0.233333333
5798,1280916000,1,0.666666667,1,0.016666667
5799,1280915340,1,0.6,1,0.016666667
5800,1280915040,1,0.75,3,0.05
5801,1250626560,1,0.8,8,0.133333333
5802,1279209480,1,0.75,14,0.233333333
5803,1379095020,1,0.666666667,0,0
5804,1250626740,1,0.583333333,2,0.033333333
5805,1250630040,1,0.666666667,9,0.15
5806,1404482340,1,0.666666667,1,0.016666667
5807,1269520800,1,0.6,2,0.033333333
5808,1269520980,1,0.5,3,0.05
5809,1269522240,1,0.75,6,0.1
5810,1269521400,1,0.8,0,0
5811,1269522000,1,0.777777778,3,0.05
5812,1269520920,1,0.636363636,12,0.2
5813,1392305340,1,0.571428571,0,0
5814,1269520920,1,0.666666667,0,0
5815,1269522480,1,0.5,4,0.066666667
5816,1324021920,1,0.666666667,3,0.05
5817,1327476300,1,0.666666667,1,0.016666667
5818,1324022460,1,0.857142857,7,0.116666667
5819,1324023600,1,0.666666667,2,0.033333333
5820,1324023060,1,0.6,6,0.1
5821,1353377700,1,0.666666667,12,0.2
5822,1268027640,1,0.5,1,0.016666667
5823,1268027820,1,0.666666667,4,0.066666667
5824,1268028120,1,0.666666667,0,0
5825,1277741100,1,0.5,4,0.066666667
5826,1268029920,1,0.75,9,0.15
5827,1277789880,1,0.75,2,0.033333333
5828,1375075440,1,0.833333333,11,0.183333333
5829,1268027880,1,0.5,0,0
5830,1355838120,1,0.875,0,0
5831,1395144000,1,0.666666667,2,0.033333333
5832,1224090420,1,0.8,5,0.083333333
5833,1224938220,1,0.75,3,0.05
5834,1328970540,1,0.666666667,0,0
5835,1224104820,1,0.555555556,4,0.066666667
5836,1224096060,1,0.8,2,0.033333333
5837,1224097440,1,0.8,3,0.05
5838,1385035620,1,0.615384615,0,0
5839,1224093300,1,0.666666667,1,0.016666667
5840,1224096720,1,0.75,0,0
5841,1224098940,1,0.666666667,1,0.016666667
5842,1304079300,1,0.857142857,0,0
5843,1248830880,1,0.5,4,0.066666667
5844,1248831360,1,0.714285714,4,0.066666667
5845,1361305800,1,0.666666667,5,0.083333333
5846,1248831300,1,0.571428571,6,0.1
5847,1403845140,1,0.833333333,0,0
5848,1248868020,1,0.666666667,0,0
5849,1377033420,1,0.5,1,0.016666667
5850,1402267860,1,0.666666667,2,0.033333333
5851,1238065440,1,0.666666667,0,0
5852,1257505800,1,0.846153846,5,0.083333333
5853,1238065740,1,0.666666667,0,0
5854,1310144880,1,0.545454545,1,0.016666667
5855,1238066220,1,0.615384615,2,0.033333333
5856,1373857860,1,0.666666667,2,0.033333333
5857,1238065800,1,0.833333333,1,0.016666667
5858,1397439240,1,0.666666667,2,0.033333333
5859,1238066340,1,0.666666667,1,0.016666667
5860,1382118780,1,0.714285714,0,0
5861,1342527840,1,0.8,1,0.016666667
5862,1335243600,1,0.5,2,0.033333333
5863,1335244260,1,0.571428571,5,0.083333333
5864,1335244320,1,0.666666667,3,0.05
5865,1403606340,1,0.75,0,0
5866,1406350980,1,0.5,4,0.066666667
5867,1378655160,1,0.6,0,0
5868,1227727560,1,0.714285714,4,0.066666667
5869,1227735180,1,0.5,12,0.2
5870,1227728100,1,0.666666667,0,0
5871,1227728340,1,0.6,5,0.083333333
5872,1227728820,1,0.833333333,5,0.083333333
5873,1227727860,1,0.8,6,0.1
5874,1227728040,1,0.8,1,0.016666667
5875,1331889540,1,0.857142857,1,0.016666667
5876,1342123440,1,0.6,2,0.033333333
5877,1383169080,1,0.666666667,1,0.016666667
5878,1227731040,1,0.666666667,0,0
5879,1227736740,1,0.857142857,1,0.016666667
5880,1289900760,1,0.857142857,0,0
5881,1256553060,1,0.666666667,0,0
5882,1256826540,1,0.666666667,1,0.016666667
5883,1256751420,1,0.75,3,0.05
5884,1256752740,1,0.75,4,0.066666667
5885,1256553660,1,0.857142857,1,0.016666667
5886,1256554260,1,0.6,2,0.033333333
5887,1256556000,1,0.75,1,0.016666667
5888,1392913860,1,0.6,1,0.016666667
5889,1368163260,1,0.75,6,0.1
5890,1311803040,1,0.793103448,3,0.05
5891,1311803340,1,0.857142857,1,0.016666667
5892,1311803280,1,0.5,1,0.016666667
5893,1311803220,1,0.666666667,0,0
5894,1384340640,1,0.909090909,2,0.033333333
5895,1311803280,1,0.956521739,3,0.05
5896,1311803340,1,0.8,0,0
5897,1295518320,1,0.833333333,4,0.066666667
5898,1295518440,1,0.727272727,0,0
5899,1256828340,1,0.8,3,0.05
5900,1256828940,1,0.888888889,2,0.033333333
5901,1256828640,1,0.666666667,2,0.033333333
5902,1256828700,1,0.5,2,0.033333333
5903,1256829480,1,0.75,6,0.1
5904,1256828820,1,0.75,1,0.016666667
5905,1256828940,1,0.5,1,0.016666667
5906,1256829120,1,0.5,1,0.016666667
5907,1256832420,1,0.666666667,1,0.016666667
5908,1256858340,1,0.923076923,0,0
5909,1399306740,1,0.75,0,0
5910,1295285640,1,0.666666667,1,0.016666667
5911,1295287860,1,0.6,5,0.083333333
5912,1295286480,1,0.6,7,0.116666667
5913,1295286360,1,0.5,2,0.033333333
5914,1295285760,1,0.833333333,1,0.016666667
5915,1295285940,1,0.5,4,0.066666667
5916,1328324400,1,0.8,5,0.083333333
5917,1338461820,1,0.75,0,0
5918,1378248180,1,0.5,2,0.033333333
5919,1399854120,1,0.8,6,0.1
5920,1354279980,1,0.857142857,2,0.033333333
5921,1357621380,1,0.777777778,0,0
5922,1364234220,1,0.5,0,0
5923,1338451980,1,0.833333333,2,0.033333333
5924,1234451880,1,0.666666667,0,0
5925,1234452060,1,0.75,0,0
5926,1234452300,1,0.571428571,0,0
5927,1234452000,1,0.666666667,0,0
5928,1234452120,1,0.5,2,0.033333333
5929,1234454640,1,0.8,1,0.016666667
5930,1399975080,1,0.909090909,0,0
5931,1297770660,1,0.5,6,0.1
5932,1297771320,1,0.666666667,1,0.016666667
5933,1351961400,1,0.5,25,0.416666667
5934,1297770960,1,0.666666667,0,0
5935,1297771080,1,0.5,3,0.05
5936,1355172300,1,0.5,1,0.016666667
5937,1297771500,1,0.75,0,0
5938,1360778520,1,0.6,6,0.1
5939,1373379240,1,0.666666667,6,0.1
5940,1383688140,1,0.714285714,6,0.1
5941,1275936780,1,0.666666667,3,0.05
5942,1278360180,1,0.666666667,2,0.033333333
5943,1275937020,1,0.666666667,0,0
5944,1303233900,1,0.5,0,0
5945,1275936960,1,0.666666667,0,0
5946,1319898540,1,0.571428571,2,0.033333333
5947,1282749060,1,0.636363636,0,0
5948,1282751220,1,0.666666667,2,0.033333333
5949,1282749240,1,0.666666667,0,0
5950,1282752660,1,0.8,6,0.1
5951,1282752060,1,0.6,2,0.033333333
5952,1282919340,1,0.75,0,0
5953,1366289280,1,0.714285714,0,0
5954,1381336440,1,0.8,1,0.016666667
5955,1343702940,1,0.6,0,0
5956,1343704380,1,0.6,18,0.3
5957,1343703120,1,0.714285714,4,0.066666667
5958,1365358320,1,0.666666667,0,0
5959,1343747820,1,0.5,2,0.033333333
5960,1343703480,1,0.5,2,0.033333333
5961,1343703120,1,0.8,2,0.033333333
5962,1247843760,1,0.75,0,0
5963,1247844120,1,0.5,4,0.066666667
5964,1247845680,1,0.8,5,0.083333333
5965,1247844060,1,0.666666667,3,0.05
5966,1247844300,1,0.833333333,0,0
5967,1330500180,1,0.615384615,4,0.066666667
5968,1370103960,1,0.5,2,0.033333333
5969,1393297800,1,0.666666667,2,0.033333333
5970,1393298220,1,0.666666667,0,0
5971,1393298280,1,0.666666667,1,0.016666667
5972,1393298160,1,0.666666667,1,0.016666667
5973,1393298340,1,0.666666667,9,0.15
5974,1393299720,1,0.8,6,0.1
5975,1393298040,1,0.833333333,3,0.05
5976,1324855800,1,0.777777778,1,0.016666667
5977,1324855980,1,0.636363636,0,0
5978,1375881180,1,0.666666667,0,0
5979,1387950480,1,0.833333333,2,0.033333333
5980,1251102540,1,0.684210526,0,0
5981,1251102600,1,0.6,28,0.466666667
5982,1251103200,1,0.8,0,0
5983,1337055120,1,0.666666667,11,0.183333333
5984,1337055660,1,0.8,13,0.216666667
5985,1337056080,1,0.75,4,0.066666667
5986,1337055420,1,0.5,3,0.05
5987,1337055900,1,0.6,1,0.016666667
5988,1337055900,1,0.75,1,0.016666667
5989,1368133680,1,0.8,0,0
5990,1337056080,1,0.571428571,3,0.05
5991,1224515100,1,0.833333333,1,0.016666667
5992,1224515400,1,0.666666667,5,0.083333333
5993,1224515400,1,0.666666667,1,0.016666667
5994,1224515460,1,0.666666667,0,0
5995,1224516060,1,0.75,0,0
5996,1224515520,1,0.666666667,2,0.033333333
5997,1224515580,1,0.75,5,0.083333333
5998,1224517860,1,0.6,1,0.016666667
5999,1224524100,1,0.666666667,1,0.016666667
6000,1224515520,1,0.6,1,0.016666667
6001,1386908880,1,0.5,1,0.016666667
6002,1341489420,1,0.6,0,0
6003,1341491100,1,0.75,0,0
6004,1341491160,1,0.714285714,4,0.066666667
6005,1341491460,1,0.5,4,0.066666667
6006,1341583020,1,0.75,4,0.066666667
6007,1341491340,1,0.666666667,1,0.016666667
6008,1341490740,1,0.8,2,0.033333333
6009,1341494400,1,0.666666667,2,0.033333333
6010,1274972460,1,0.857142857,0,0
6011,1274972820,1,0.666666667,9,0.15
6012,1274973420,1,0.684210526,2,0.033333333
6013,1274973540,1,0.75,1,0.016666667
6014,1274972640,1,0.75,3,0.05
6015,1274974500,1,0.666666667,1,0.016666667
6016,1274974860,1,0.5,5,0.083333333
6017,1381692960,1,0.6,3,0.05
6018,1381693260,1,0.75,5,0.083333333
6019,1381697280,1,0.571428571,16,0.266666667
6020,1381696920,1,0.666666667,4,0.066666667
6021,1406323920,1,0.5,1,0.016666667
6022,1292436600,1,0.666666667,3,0.05
6023,1292436780,1,0.75,3,0.05
6024,1292437500,1,0.6,15,0.25
6025,1292436960,1,0.666666667,1,0.016666667
6026,1292439660,1,0.666666667,0,0
6027,1280310480,1,0.666666667,13,0.216666667
6028,1280324280,1,0.6,9,0.15
6029,1280330580,1,0.730769231,7,0.116666667
6030,1280310720,1,0.571428571,1,0.016666667
6031,1280310960,1,0.5,1,0.016666667
6032,1353858240,1,0.5,8,0.133333333
6033,1280312520,1,0.818181818,9,0.15
6034,1280324460,1,0.75,3,0.05
6035,1280323980,1,0.857142857,1,0.016666667
6036,1280311320,1,0.571428571,2,0.033333333
6037,1280312040,1,0.833333333,10,0.166666667
6038,1280325660,1,0.714285714,2,0.033333333
6039,1280326680,1,0.75,1,0.016666667
6040,1280312700,1,0.666666667,0,0
6041,1297246500,1,0.75,0,0
6042,1272044220,1,0.666666667,0,0
6043,1276193160,1,0.833333333,0,0
6044,1272051000,1,0.6,1,0.016666667
6045,1384428420,1,0.75,2,0.033333333
6046,1384428900,1,0.666666667,4,0.066666667
6047,1384429200,1,0.666666667,0,0
6048,1384428780,1,0.75,2,0.033333333
6049,1281511380,1,0.555555556,1,0.016666667
6050,1281515160,1,0.5,6,0.1
6051,1281511560,1,0.8,1,0.016666667
6052,1281512280,1,0.6,4,0.066666667
6053,1281511500,1,0.5,2,0.033333333
6054,1281516060,1,0.666666667,0,0
6055,1366128420,1,0.857142857,8,0.133333333
6056,1281511920,1,0.666666667,3,0.05
6057,1298226600,1,0.6,4,0.066666667
6058,1298231100,1,0.625,2,0.033333333
6059,1298226780,1,0.666666667,1,0.016666667
6060,1298228880,1,0.666666667,4,0.066666667
6061,1298229420,1,0.571428571,4,0.066666667
6062,1298227380,1,0.5,0,0
6063,1231500720,1,0.666666667,0,0
6064,1231501020,1,0.666666667,0,0
6065,1318621560,1,0.571428571,0,0
6066,1231501380,1,0.714285714,2,0.033333333
6067,1231501260,1,0.75,1,0.016666667
6068,1231501500,1,0.5,1,0.016666667
6069,1231502940,1,0.555555556,2,0.033333333
6070,1249394640,1,0.6,1,0.016666667
6071,1378534980,1,0.875,0,0
6072,1355333940,1,0.6,0,0
6073,1355334420,1,0.5,0,0
6074,1355334360,1,0.75,0,0
6075,1320092820,1,0.666666667,4,0.066666667
6076,1320095520,1,0.666666667,6,0.1
6077,1280081400,1,0.75,3,0.05
6078,1280082120,1,0.666666667,0,0
6079,1280086200,1,0.833333333,5,0.083333333
6080,1280097960,1,0.5,5,0.083333333
6081,1280082780,1,0.75,2,0.033333333
6082,1292400780,1,0.714285714,1,0.016666667
6083,1292400960,1,0.8,11,0.183333333
6084,1292400960,1,0.8,0,0
6085,1288812300,1,0.5,1,0.016666667
6086,1288813020,1,0.857142857,3,0.05
6087,1288812780,1,0.857142857,1,0.016666667
6088,1288812480,1,0.833333333,1,0.016666667
6089,1288812540,1,0.7,5,0.083333333
6090,1362770400,1,0.6,0,0
6091,1288812480,1,0.5,2,0.033333333
6092,1288812480,1,0.714285714,1,0.016666667
6093,1288812600,1,0.75,4,0.066666667
6094,1288812480,1,0.555555556,3,0.05
6095,1298398080,1,0.625,3,0.05
6096,1298398320,1,0.75,6,0.1
6097,1298400300,1,0.5,2,0.033333333
6098,1298408700,1,0.6,3,0.05
6099,1298400360,1,0.5,0,0
6100,1288334940,1,0.6,2,0.033333333
6101,1288382340,1,0.75,0,0
6102,1380312780,1,0.666666667,4,0.066666667
6103,1330495980,1,0.875,1,0.016666667
6104,1330496340,1,0.75,2,0.033333333
6105,1330496160,1,0.6,1,0.016666667
6106,1264545420,1,0.5,6,0.1
6107,1264550820,1,0.583333333,3,0.05
6108,1264546620,1,0.666666667,0,0
6109,1264545720,1,0.75,2,0.033333333
6110,1264547400,1,0.625,5,0.083333333
6111,1264545720,1,0.625,3,0.05
6112,1264561860,1,0.75,5,0.083333333
6113,1297633680,1,0.666666667,0,0
6114,1297633980,1,0.6,2,0.033333333
6115,1297634040,1,0.75,3,0.05
6116,1297634040,1,0.666666667,1,0.016666667
6117,1297634100,1,0.75,2,0.033333333
6118,1402813140,1,0.8,4,0.066666667
6119,1332884220,1,0.571428571,1,0.016666667
6120,1332884400,1,0.75,2,0.033333333
6121,1332884460,1,0.5,2,0.033333333
6122,1265719380,1,0.75,0,0
6123,1265721360,1,0.875,2,0.033333333
6124,1265721420,1,0.8,0,0
6125,1265721060,1,0.5,0,0
6126,1265721480,1,0.666666667,0,0
6127,1265719980,1,0.5,1,0.016666667
6128,1265722860,1,0.5,2,0.033333333
6129,1337023680,1,0.666666667,6,0.1
6130,1337024040,1,0.666666667,6,0.1
6131,1337023800,1,0.6,2,0.033333333
6132,1337023860,1,0.875,2,0.033333333
6133,1386592080,1,0.733333333,2,0.033333333
6134,1253346900,1,0.857142857,3,0.05
6135,1253347920,1,0.7,1,0.016666667
6136,1253347860,1,0.857142857,1,0.016666667
6137,1253369340,1,0.7,3,0.05
6138,1253376360,1,0.777777778,2,0.033333333
6139,1345053060,1,0.777777778,0,0
6140,1345053360,1,0.75,1,0.016666667
6141,1345053240,1,0.777777778,0,0
6142,1345058340,1,0.857142857,6,0.1
6143,1345055820,1,0.777777778,1,0.016666667
6144,1301091900,1,0.666666667,1,0.016666667
6145,1301094060,1,0.777777778,5,0.083333333
6146,1301092800,1,0.8,1,0.016666667
6147,1301092200,1,0.714285714,0,0
6148,1301098620,1,0.666666667,2,0.033333333
6149,1314036840,1,0.666666667,1,0.016666667
6150,1314037980,1,0.666666667,0,0
6151,1314037560,1,0.857142857,1,0.016666667
6152,1314560640,1,0.6,2,0.033333333
6153,1314560760,1,0.666666667,5,0.083333333
6154,1314560880,1,0.571428571,1,0.016666667
6155,1314560880,1,0.714285714,3,0.05
6156,1332353700,1,0.5,2,0.033333333
6157,1332353880,1,0.714285714,1,0.016666667
6158,1332353820,1,0.833333333,1,0.016666667
6159,1332939900,1,0.75,12,0.2
6160,1332430320,1,0.857142857,3,0.05
6161,1339507740,1,0.75,3,0.05
6162,1338514560,1,0.666666667,7,0.116666667
6163,1338515340,1,0.75,2,0.033333333
6164,1338514980,1,0.571428571,1,0.016666667
6165,1338518460,1,0.6,7,0.116666667
6166,1386010200,1,0.75,19,0.316666667
6167,1225107960,1,0.6,3,0.05
6168,1225108560,1,0.6,2,0.033333333
6169,1294156020,1,0.6,2,0.033333333
6170,1294157460,1,0.8,5,0.083333333
6171,1294156440,1,0.666666667,3,0.05
6172,1294156500,1,0.777777778,1,0.016666667
6173,1294215660,1,0.666666667,3,0.05
6174,1294156860,1,0.5,1,0.016666667
6175,1371748860,1,0.666666667,0,0
6176,1289348100,1,0.714285714,6,0.1
6177,1289349060,1,0.6,4,0.066666667
6178,1289348760,1,0.666666667,2,0.033333333
6179,1289348760,1,0.571428571,1,0.016666667
6180,1252286520,1,0.5,2,0.033333333
6181,1252286760,1,0.833333333,5,0.083333333
6182,1353580980,1,0.666666667,3,0.05
6183,1252287060,1,0.666666667,3,0.05
6184,1303555980,1,0.833333333,0,0
6185,1303556100,1,0.6,0,0
6186,1303556160,1,0.68,3,0.05
6187,1340146440,1,0.6,2,0.033333333
6188,1340147880,1,0.6,3,0.05
6189,1340147940,1,0.666666667,1,0.016666667
6190,1397549220,1,0.571428571,7,0.116666667
6191,1326903060,1,0.666666667,6,0.1
6192,1326903120,1,0.666666667,3,0.05
6193,1326903240,1,0.75,0,0
6194,1326903300,1,0.833333333,1,0.016666667
6195,1312911720,1,0.75,2,0.033333333
6196,1312915080,1,0.6,0,0
6197,1312912260,1,0.666666667,0,0
6198,1316467920,1,0.8,4,0.066666667
6199,1316468700,1,0.8,3,0.05
6200,1316468220,1,0.777777778,4,0.066666667
6201,1316468760,1,0.666666667,10,0.166666667
6202,1316468460,1,0.625,2,0.033333333
6203,1316468580,1,0.714285714,0,0
6204,1316469180,1,0.666666667,2,0.033333333
6205,1255223640,1,0.571428571,3,0.05
6206,1255223760,1,0.8,1,0.016666667
6207,1255224960,1,0.6,8,0.133333333
6208,1255223880,1,0.692307692,13,0.216666667
6209,1255323120,1,0.8,2,0.033333333
6210,1267738800,1,0.666666667,7,0.116666667
6211,1267739280,1,0.666666667,2,0.033333333
6212,1267744020,1,0.666666667,3,0.05
6213,1388275980,1,0.833333333,2,0.033333333
6214,1320277680,1,0.8,3,0.05
6215,1324388520,1,0.75,6,0.1
6216,1349151900,1,0.5,11,0.183333333
6217,1366169280,1,0.833333333,6,0.1
6218,1349152200,1,0.75,6,0.1
6219,1349152200,1,0.75,2,0.033333333
6220,1349152560,1,0.6,0,0
6221,1262621580,1,0.666666667,2,0.033333333
6222,1262622960,1,0.666666667,6,0.1
6223,1262621820,1,0.7,1,0.016666667
6224,1302808320,1,0.666666667,2,0.033333333
6225,1302808560,1,0.8,1,0.016666667
6226,1302808560,1,0.888888889,1,0.016666667
6227,1302808560,1,0.8,1,0.016666667
6228,1302811380,1,0.666666667,1,0.016666667
6229,1303910700,1,0.916666667,3,0.05
6230,1303910820,1,0.814814815,5,0.083333333
6231,1303910940,1,0.666666667,8,0.133333333
6232,1303910940,1,0.555555556,6,0.1
6233,1302805320,1,0.8,7,0.116666667
6234,1302805740,1,0.75,2,0.033333333
6235,1331657040,1,0.666666667,2,0.033333333
6236,1256507640,1,0.75,0,0
6237,1256507820,1,0.666666667,6,0.1
6238,1256507880,1,0.75,1,0.016666667
6239,1352559300,1,0.8,2,0.033333333
6240,1352559780,1,0.666666667,0,0
6241,1352559540,1,0.714285714,0,0
6242,1352559600,1,0.8,4,0.066666667
6243,1352559540,1,0.5,1,0.016666667
6244,1364413500,1,0.666666667,1,0.016666667
6245,1364413800,1,0.571428571,2,0.033333333
6246,1364413860,1,0.8,7,0.116666667
6247,1397595960,1,0.666666667,1,0.016666667
6248,1364413680,1,0.75,1,0.016666667
6249,1364414460,1,0.857142857,0,0
6250,1364414640,1,0.833333333,2,0.033333333
6251,1400110800,1,0.666666667,0,0
6252,1275504180,1,0.666666667,2,0.033333333
6253,1275504540,1,0.666666667,2,0.033333333
6254,1275504660,1,0.75,2,0.033333333
6255,1275504660,1,0.666666667,2,0.033333333
6256,1299472620,1,0.833333333,1,0.016666667
6257,1299472740,1,0.75,1,0.016666667
6258,1299472800,1,0.666666667,1,0.016666667
6259,1299473040,1,0.666666667,0,0
6260,1240548060,1,0.666666667,1,0.016666667
6261,1240553040,1,0.8,0,0
6262,1240548420,1,0.625,1,0.016666667
6263,1240550760,1,0.75,1,0.016666667
6264,1240553400,1,0.5,20,0.333333333
6265,1240583100,1,0.5,5,0.083333333
6266,1316719140,1,0.888888889,3,0.05
6267,1307718000,1,0.666666667,5,0.083333333
6268,1307718240,1,0.666666667,6,0.1
6269,1307718960,1,0.714285714,16,0.266666667
6270,1307718180,1,0.6,6,0.1
6271,1307718300,1,0.666666667,0,0
6272,1307719080,1,0.857142857,3,0.05
6273,1307718480,1,0.8,1,0.016666667
6274,1355619300,1,0.666666667,10,0.166666667
6275,1307718420,1,0.666666667,2,0.033333333
6276,1307718480,1,0.75,4,0.066666667
6277,1319354940,1,0.8,0,0
6278,1373377800,1,0.777777778,0,0
6279,1337694180,1,0.875,3,0.05
6280,1337711880,1,0.857142857,2,0.033333333
6281,1337695440,1,0.75,0,0
6282,1237475880,1,0.857142857,0,0
6283,1237476180,1,0.75,1,0.016666667
6284,1348772040,1,0.5,17,0.283333333
6285,1348779300,1,0.75,0,0
6286,1348782420,1,0.75,11,0.183333333
6287,1348818060,1,0.8,4,0.066666667
6288,1276682640,1,0.777777778,1,0.016666667
6289,1276683420,1,0.666666667,1,0.016666667
6290,1276683000,1,0.75,1,0.016666667
6291,1276683780,1,0.833333333,6,0.1
6292,1276684260,1,0.666666667,0,0
6293,1375526700,1,0.75,4,0.066666667
6294,1336877280,1,0.666666667,0,0
6295,1221561420,1,0.777777778,5,0.083333333
6296,1221555840,1,0.75,2,0.033333333
6297,1242161220,1,0.666666667,1,0.016666667
6298,1221555900,1,0.666666667,4,0.066666667
6299,1221556320,1,0.6,6,0.1
6300,1221555900,1,0.6,1,0.016666667
6301,1221556380,1,0.5,2,0.033333333
6302,1221556440,1,0.6,1,0.016666667
6303,1221555720,1,0.666666667,1,0.016666667
6304,1221557880,1,0.666666667,5,0.083333333
6305,1221560460,1,0.5,0,0
6306,1242160140,1,0.5,1,0.016666667
6307,1290810480,1,0.666666667,5,0.083333333
6308,1290811020,1,0.875,1,0.016666667
6309,1290811080,1,0.75,0,0
6310,1290810780,1,0.666666667,4,0.066666667
6311,1290811140,1,0.714285714,1,0.016666667
6312,1290811920,1,0.666666667,3,0.05
6313,1327679220,1,0.5,0,0
6314,1327679400,1,0.666666667,9,0.15
6315,1327679460,1,0.666666667,10,0.166666667
6316,1327729740,1,0.666666667,7,0.116666667
6317,1220282460,1,0.571428571,12,0.2
6318,1221023160,1,0.75,3,0.05
6319,1220342160,1,0.666666667,2,0.033333333
6320,1220285340,1,0.6,0,0
6321,1261074480,1,0.5,2,0.033333333
6322,1296087060,1,0.75,0,0
6323,1296087300,1,0.5,2,0.033333333
6324,1296087180,1,0.5,0,0
6325,1348162380,1,0.625,0,0
6326,1296087480,1,0.833333333,1,0.016666667
6327,1377061620,1,0.666666667,1,0.016666667
6328,1296087300,1,0.833333333,0,0
6329,1389665880,1,0.666666667,2,0.033333333
6330,1270352940,1,0.6,5,0.083333333
6331,1270353600,1,0.75,5,0.083333333
6332,1270353300,1,0.666666667,5,0.083333333
6333,1270360800,1,0.75,1,0.016666667
6334,1270353360,1,0.6,3,0.05
6335,1270360500,1,0.75,0,0
6336,1321450800,1,0.571428571,0,0
6337,1321450920,1,0.5,3,0.05
6338,1321451040,1,0.75,5,0.083333333
6339,1378752240,1,0.666666667,8,0.133333333
6340,1321451040,1,0.833333333,1,0.016666667
6341,1321451220,1,0.666666667,3,0.05
6342,1376832180,1,0.666666667,0,0
6343,1317891240,1,0.666666667,2,0.033333333
6344,1317892860,1,0.75,11,0.183333333
6345,1317891480,1,0.666666667,3,0.05
6346,1317892500,1,0.5,5,0.083333333
6347,1254518160,1,0.666666667,10,0.166666667
6348,1254518340,1,0.8,13,0.216666667
6349,1254518940,1,0.8,3,0.05
6350,1254518340,1,0.75,5,0.083333333
6351,1332291300,1,0.714285714,9,0.15
6352,1332295380,1,0.8,0,0
6353,1332291900,1,0.5,0,0
6354,1378275780,1,0.666666667,9,0.15
6355,1346158140,1,0.5,4,0.066666667
6356,1346158740,1,0.6,10,0.166666667
6357,1346158620,1,0.875,11,0.183333333
6358,1346158500,1,0.833333333,4,0.066666667
6359,1346158620,1,0.875,3,0.05
6360,1346158620,1,0.7,3,0.05
6361,1346158980,1,0.6,11,0.183333333
6362,1325005740,1,0.666666667,0,0
6363,1325006700,1,0.583333333,3,0.05
6364,1325006760,1,0.533333333,2,0.033333333
6365,1325005980,1,0.631578947,0,0
6366,1336105080,1,0.733333333,0,0
6367,1336105320,1,0.5,1,0.016666667
6368,1336105440,1,0.6,1,0.016666667
6369,1336105980,1,0.666666667,2,0.033333333
6370,1336105860,1,0.666666667,2,0.033333333
6371,1322603460,1,0.75,3,0.05
6372,1322604780,1,0.6,4,0.066666667
6373,1351501920,1,0.6,0,0
6374,1351502940,1,0.666666667,1,0.016666667
6375,1351502460,1,0.5,2,0.033333333
6376,1323670200,1,0.5,0,0
6377,1323670500,1,0.8,6,0.1
6378,1323670440,1,0.666666667,0,0
6379,1323670500,1,0.666666667,0,0
6380,1323670500,1,0.9,1,0.016666667
6381,1323670440,1,0.75,2,0.033333333
6382,1300624320,1,0.666666667,2,0.033333333
6383,1300624860,1,0.8,1,0.016666667
6384,1300624620,1,0.833333333,1,0.016666667
6385,1300624920,1,0.666666667,4,0.066666667
6386,1300624800,1,0.8,2,0.033333333
6387,1300626120,1,0.833333333,4,0.066666667
6388,1256136660,1,0.8,2,0.033333333
6389,1256136840,1,0.75,2,0.033333333
6390,1256137140,1,0.666666667,2,0.033333333
6391,1256136840,1,0.666666667,0,0
6392,1343038080,1,0.714285714,3,0.05
6393,1343052840,1,0.666666667,1,0.016666667
6394,1343038680,1,0.777777778,3,0.05
6395,1343039340,1,0.5,3,0.05
6396,1343043420,1,0.529411765,8,0.133333333
6397,1333728480,1,0.615384615,6,0.1
6398,1333728900,1,0.625,7,0.116666667
6399,1312609260,1,0.733333333,1,0.016666667
6400,1312609440,1,0.6,1,0.016666667
6401,1312609560,1,0.75,0,0
6402,1291040580,1,0.8,5,0.083333333
6403,1291041120,1,0.6,6,0.1
6404,1291041300,1,0.666666667,3,0.05
6405,1291041180,1,0.5,1,0.016666667
6406,1291041540,1,0.833333333,2,0.033333333
6407,1324150140,1,0.571428571,0,0
6408,1324150260,1,0.75,7,0.116666667
6409,1258305600,1,0.8,3,0.05
6410,1258306740,1,0.5,7,0.116666667
6411,1364802660,1,0.857142857,2,0.033333333
6412,1364803020,1,0.666666667,1,0.016666667
6413,1364808060,1,0.666666667,3,0.05
6414,1358480640,1,0.666666667,3,0.05
6415,1358480820,1,0.8,1,0.016666667
6416,1358481300,1,0.666666667,1,0.016666667
6417,1358481000,1,0.666666667,3,0.05
6418,1358481660,1,0.5,2,0.033333333
6419,1363550640,1,0.8,3,0.05
6420,1328380260,1,0.75,0,0
6421,1328381460,1,0.8,6,0.1
6422,1328381340,1,0.5,7,0.116666667
6423,1373080020,1,0.833333333,0,0
6424,1373080080,1,0.75,3,0.05
6425,1374571620,1,0.6,3,0.05
6426,1374571980,1,0.75,14,0.233333333
6427,1288475640,1,0.666666667,5,0.083333333
6428,1288525980,1,0.75,0,0
6429,1288488960,1,0.875,9,0.15
6430,1288550160,1,0.666666667,0,0
6431,1366840440,1,0.6,1,0.016666667
6432,1366840620,1,0.6875,2,0.033333333
6433,1366840680,1,0.777777778,3,0.05
6434,1366841040,1,0.8,0,0
6435,1366840620,1,0.714285714,1,0.016666667
6436,1334066040,1,0.75,10,0.166666667
6437,1334066160,1,0.75,2,0.033333333
6438,1334066520,1,0.666666667,0,0
6439,1316719920,1,0.857142857,5,0.083333333
6440,1316720400,1,0.666666667,3,0.05
6441,1316720220,1,0.571428571,0,0
6442,1265372160,1,0.6,2,0.033333333
6443,1265372460,1,0.666666667,0,0
6444,1265385060,1,0.8,0,0
6445,1265372460,1,0.75,0,0
6446,1347887460,1,0.666666667,0,0
6447,1265373360,1,0.75,0,0
6448,1265441400,1,0.7,0,0
6449,1299687480,1,0.75,5,0.083333333
6450,1359466680,1,0.5,0,0
6451,1308219360,1,0.666666667,3,0.05
6452,1308219720,1,0.75,2,0.033333333
6453,1308219780,1,0.8,4,0.066666667
6454,1308220200,1,0.6,3,0.05
6455,1305832500,1,0.75,0,0
6456,1305832800,1,0.875,5,0.083333333
6457,1305832740,1,0.666666667,2,0.033333333
6458,1305832800,1,0.6,0,0
6459,1305832800,1,0.8,1,0.016666667
6460,1292499420,1,0.769230769,0,0
6461,1292499720,1,0.833333333,0,0
6462,1292499600,1,0.666666667,1,0.016666667
6463,1292499600,1,0.6,0,0
6464,1292499660,1,0.857142857,0,0
6465,1286850720,1,0.75,0,0
6466,1286850960,1,0.8,0,0
6467,1286855820,1,0.5,1,0.016666667
6468,1276602660,1,0.6,2,0.033333333
6469,1276602900,1,0.5,0,0
6470,1276602900,1,0.75,0,0
6471,1276603740,1,0.545454545,0,0
6472,1311856680,1,0.5,1,0.016666667
6473,1311856980,1,0.75,3,0.05
6474,1311856920,1,0.666666667,3,0.05
6475,1311856980,1,0.75,2,0.033333333
6476,1311856800,1,0.7,0,0
6477,1320529620,1,0.75,0,0
6478,1382550900,1,0.8,3,0.05
6479,1382551020,1,0.666666667,4,0.066666667
6480,1338825120,1,0.75,4,0.066666667
6481,1338892860,1,0.571428571,1,0.016666667
6482,1338833280,1,0.6,4,0.066666667
6483,1338833640,1,0.75,5,0.083333333
6484,1332604380,1,0.75,1,0.016666667
6485,1332606420,1,0.615384615,3,0.05
6486,1332606360,1,0.857142857,0,0
6487,1395875640,1,0.714285714,7,0.116666667
6488,1395876360,1,0.708333333,8,0.133333333
6489,1395876060,1,0.857142857,6,0.1
6490,1395876120,1,0.75,6,0.1
6491,1395878880,1,0.857142857,10,0.166666667
6492,1396013700,1,0.769230769,3,0.05
6493,1388349720,1,0.666666667,3,0.05
6494,1389963240,1,0.5,13,0.216666667
6495,1388350320,1,0.733333333,4,0.066666667
6496,1388350380,1,0.714285714,7,0.116666667
6497,1388350140,1,0.571428571,9,0.15
6498,1379513760,1,0.571428571,1,0.016666667
6499,1379514960,1,0.625,1,0.016666667
6500,1379513940,1,0.666666667,0,0
6501,1379514000,1,0.666666667,1,0.016666667
6502,1379520780,1,0.8,4,0.066666667
6503,1341932940,1,0.5,1,0.016666667
6504,1342017360,1,0.5,0,0
6505,1275285540,1,0.8,5,0.083333333
6506,1275285840,1,0.857142857,0,0
6507,1275285900,1,0.75,2,0.033333333
6508,1275286080,1,0.666666667,2,0.033333333
6509,1275285960,1,0.714285714,0,0
6510,1403104140,1,0.75,1,0.016666667
6511,1403104500,1,0.666666667,8,0.133333333
6512,1403106000,1,0.666666667,1,0.016666667
6513,1403104560,1,0.571428571,2,0.033333333
6514,1403105220,1,0.875,5,0.083333333
6515,1403106600,1,0.833333333,1,0.016666667
6516,1403131440,1,0.666666667,5,0.083333333
6517,1403105880,1,0.666666667,1,0.016666667
6518,1282463580,1,0.857142857,3,0.05
6519,1282463820,1,0.666666667,6,0.1
6520,1282468980,1,0.6,5,0.083333333
6521,1282463880,1,0.666666667,1,0.016666667
6522,1398889140,1,0.75,0,0
6523,1260982260,1,0.75,9,0.15
6524,1260983460,1,0.5,0,0
6525,1260983220,1,0.8,6,0.1
6526,1260982680,1,0.857142857,3,0.05
6527,1260990360,1,0.857142857,2,0.033333333
6528,1261006500,1,0.5,8,0.133333333
6529,1261013400,1,0.666666667,5,0.083333333
6530,1328132340,1,0.8,12,0.2
6531,1260982440,1,0.666666667,0,0
6532,1260982920,1,0.666666667,2,0.033333333
6533,1260983280,1,0.8,2,0.033333333
6534,1397934660,1,0.875,6,0.1
6535,1260982620,1,0.8,0,0
6536,1260983160,1,0.8,8,0.133333333
6537,1260994920,1,0.5,0,0
6538,1304413200,1,0.666666667,2,0.033333333
6539,1304413860,1,0.714285714,0,0
6540,1304414700,1,0.833333333,1,0.016666667
6541,1349928360,1,0.666666667,0,0
6542,1352751600,1,0.857142857,3,0.05
6543,1276083240,1,0.571428571,2,0.033333333
6544,1276085700,1,0.9,1,0.016666667
6545,1353919320,1,0.6,1,0.016666667
6546,1276083720,1,0.8,2,0.033333333
6547,1346966940,1,0.933333333,2,0.033333333
6548,1346967300,1,0.928571429,15,0.25
6549,1346971020,1,0.666666667,2,0.033333333
6550,1286953140,1,0.833333333,0,0
6551,1286953140,1,0.5,2,0.033333333
6552,1286953320,1,0.666666667,3,0.05
6553,1286953380,1,0.666666667,5,0.083333333
6554,1387371960,1,0.666666667,3,0.05
6555,1379594580,1,0.764705882,0,0
6556,1348302900,1,0.6,6,0.1
6557,1348303680,1,0.727272727,2,0.033333333
6558,1348303620,1,0.571428571,1,0.016666667
6559,1348303500,1,0.6,0,0
6560,1328234520,1,0.857142857,4,0.066666667
6561,1328234640,1,0.666666667,1,0.016666667
6562,1328235600,1,0.714285714,1,0.016666667
6563,1328235120,1,0.857142857,3,0.05
6564,1328236020,1,0.5,4,0.066666667
6565,1307344320,1,0.5,1,0.016666667
6566,1307344500,1,0.5,0,0
6567,1307344740,1,0.875,2,0.033333333
6568,1307344560,1,0.555555556,5,0.083333333
6569,1307344560,1,0.875,0,0
6570,1307344920,1,0.666666667,2,0.033333333
6571,1266167580,1,0.8,3,0.05
6572,1266168300,1,0.666666667,8,0.133333333
6573,1266171660,1,0.6,1,0.016666667
6574,1266171960,1,0.666666667,4,0.066666667
6575,1266168300,1,0.666666667,5,0.083333333
6576,1266168660,1,0.666666667,1,0.016666667
6577,1387325460,1,0.833333333,8,0.133333333
6578,1266168180,1,0.666666667,1,0.016666667
6579,1262867820,1,0.5,9,0.15
6580,1262868180,1,0.625,0,0
6581,1262877780,1,0.75,9,0.15
6582,1262879280,1,0.666666667,6,0.1
6583,1373901900,1,0.75,3,0.05
6584,1373902320,1,0.75,4,0.066666667
6585,1373902140,1,0.8,7,0.116666667
6586,1373902140,1,0.5,2,0.033333333
6587,1373902260,1,0.75,7,0.116666667
6588,1373903040,1,0.6,1,0.016666667
6589,1285613400,1,0.571428571,1,0.016666667
6590,1285613880,1,0.833333333,1,0.016666667
6591,1285613640,1,0.666666667,4,0.066666667
6592,1285613700,1,0.8,2,0.033333333
6593,1285614180,1,0.5,1,0.016666667
6594,1285613760,1,0.666666667,4,0.066666667
6595,1285613880,1,0.625,5,0.083333333
6596,1285615560,1,0.875,2,0.033333333
6597,1285616940,1,0.5,1,0.016666667
6598,1345229460,1,0.625,1,0.016666667
6599,1237406460,1,0.666666667,2,0.033333333
6600,1276836960,1,0.714285714,0,0
6601,1237686000,1,0.666666667,1,0.016666667
6602,1295431260,1,0.5,3,0.05
6603,1238691000,1,0.5,2,0.033333333
6604,1327673520,1,0.8,1,0.016666667
6605,1371742800,1,0.875,1,0.016666667
6606,1371745080,1,0.75,9,0.15
6607,1371743100,1,0.6,2,0.033333333
6608,1371742860,1,0.5,0,0
6609,1371743040,1,0.705882353,2,0.033333333
6610,1371743280,1,0.6,2,0.033333333
6611,1371742980,1,0.666666667,0,0
6612,1371742980,1,0.777777778,1,0.016666667
6613,1371742980,1,0.666666667,0,0
6614,1371743580,1,0.75,2,0.033333333
6615,1371742920,1,0.666666667,2,0.033333333
6616,1371743040,1,0.666666667,1,0.016666667
6617,1371743280,1,0.6,1,0.016666667
6618,1371743400,1,0.571428571,2,0.033333333
6619,1309555920,1,0.75,7,0.116666667
6620,1309556580,1,0.75,0,0
6621,1309559100,1,0.6,1,0.016666667
6622,1344294120,1,0.8,5,0.083333333
6623,1344294720,1,0.5,13,0.216666667
6624,1344295620,1,0.6,5,0.083333333
6625,1346326440,1,0.9,2,0.033333333
6626,1389600180,1,0.75,16,0.266666667
6627,1389607080,1,0.5,2,0.033333333
6628,1389608040,1,0.5,2,0.033333333
6629,1389626340,1,0.666666667,4,0.066666667
6630,1318547760,1,0.666666667,3,0.05
6631,1318548240,1,0.75,2,0.033333333
6632,1378190820,1,0.75,1,0.016666667
6633,1346014320,1,0.75,2,0.033333333
6634,1346016000,1,0.875,1,0.016666667
6635,1275173100,1,0.666666667,1,0.016666667
6636,1275173340,1,0.6,3,0.05
6637,1275173280,1,0.625,2,0.033333333
6638,1275173340,1,0.666666667,1,0.016666667
6639,1294916460,1,0.666666667,3,0.05
6640,1294917900,1,0.666666667,8,0.133333333
6641,1294916700,1,0.666666667,2,0.033333333
6642,1294916580,1,0.8,1,0.016666667
6643,1294917060,1,0.8,0,0
6644,1324290120,1,0.666666667,3,0.05
6645,1229919600,1,0.5,12,0.2
6646,1229922840,1,0.6,8,0.133333333
6647,1229920260,1,0.75,5,0.083333333
6648,1229921460,1,0.75,10,0.166666667
6649,1405804320,1,0.8,2,0.033333333
6650,1288182360,1,0.6,4,0.066666667
6651,1288182780,1,0.75,2,0.033333333
6652,1288182720,1,0.666666667,3,0.05
6653,1288182540,1,0.666666667,4,0.066666667
6654,1288863600,1,0.571428571,0,0
6655,1337070000,1,0.555555556,2,0.033333333
6656,1337070420,1,0.5,3,0.05
6657,1350053880,1,0.6,4,0.066666667
6658,1350054420,1,0.666666667,3,0.05
6659,1350054420,1,0.857142857,1,0.016666667
6660,1350054300,1,0.857142857,0,0
6661,1350055980,1,0.8,2,0.033333333
6662,1228187280,1,0.666666667,1,0.016666667
6663,1228188000,1,0.666666667,0,0
6664,1228187880,1,0.625,2,0.033333333
6665,1228189440,1,0.666666667,9,0.15
6666,1228191300,1,0.75,0,0
6667,1228188180,1,0.5,2,0.033333333
6668,1336437360,1,0.7,3,0.05
6669,1336438080,1,0.6,1,0.016666667
6670,1336437480,1,0.625,0,0
6671,1336437480,1,0.705882353,2,0.033333333
6672,1336437780,1,0.833333333,0,0
6673,1345020840,1,0.777777778,3,0.05
6674,1281609540,1,0.75,13,0.216666667
6675,1281614760,1,0.666666667,4,0.066666667
6676,1281609840,1,0.636363636,3,0.05
6677,1281610260,1,0.666666667,1,0.016666667
6678,1281620640,1,0.666666667,14,0.233333333
6679,1281611220,1,0.75,9,0.15
6680,1225951200,1,0.666666667,3,0.05
6681,1225951560,1,0.666666667,2,0.033333333
6682,1225957440,1,0.666666667,2,0.033333333
6683,1225952580,1,0.777777778,2,0.033333333
6684,1225952520,1,0.8,1,0.016666667
6685,1297537620,1,0.833333333,1,0.016666667
6686,1297539360,1,0.833333333,8,0.133333333
6687,1297538220,1,0.666666667,1,0.016666667
6688,1253379480,1,0.75,1,0.016666667
6689,1253380200,1,0.6,6,0.1
6690,1253379780,1,0.666666667,0,0
6691,1406397840,1,0.75,2,0.033333333
6692,1277469840,1,0.857142857,2,0.033333333
6693,1277470500,1,0.833333333,4,0.066666667
6694,1277470020,1,0.714285714,2,0.033333333
6695,1277470500,1,0.6,2,0.033333333
6696,1277470320,1,0.846153846,3,0.05
6697,1277470320,1,0.5,3,0.05
6698,1277470320,1,0.75,1,0.016666667
6699,1295527680,1,0.555555556,0,0
6700,1295528040,1,0.833333333,0,0
6701,1295527800,1,0.666666667,0,0
6702,1295527860,1,0.857142857,0,0
6703,1295536740,1,0.692307692,2,0.033333333
6704,1364475480,1,0.666666667,2,0.033333333
6705,1364475900,1,0.75,1,0.016666667
6706,1364476740,1,0.6,1,0.016666667
6707,1364475960,1,0.666666667,1,0.016666667
6708,1378471560,1,0.8,0,0
6709,1364476620,1,0.5,3,0.05
6710,1358201520,1,0.833333333,1,0.016666667
6711,1360094880,1,0.5,0,0
6712,1360099560,1,0.833333333,4,0.066666667
6713,1358278380,1,0.571428571,0,0
6714,1363341600,1,0.5,3,0.05
6715,1363341720,1,0.75,0,0
6716,1363341780,1,0.5,0,0
6717,1363342020,1,0.833333333,0,0
6718,1363341720,1,0.533333333,0,0
6719,1363341780,1,0.6,2,0.033333333
6720,1304946120,1,0.5,3,0.05
6721,1304946720,1,0.6,3,0.05
6722,1304946780,1,0.833333333,1,0.016666667
6723,1304947260,1,0.75,1,0.016666667
6724,1304946480,1,0.6,4,0.066666667
6725,1304947260,1,0.5,1,0.016666667
6726,1304947080,1,0.8,1,0.016666667
6727,1294770720,1,0.666666667,7,0.116666667
6728,1294771680,1,0.5,1,0.016666667
6729,1357030920,1,0.818181818,1,0.016666667
6730,1357031100,1,0.6,1,0.016666667
6731,1357031340,1,0.571428571,2,0.033333333
6732,1357031520,1,0.555555556,3,0.05
6733,1357037520,1,0.6,0,0
6734,1357135620,1,0.6,2,0.033333333
6735,1341699660,1,0.75,3,0.05
6736,1341700260,1,0.5,1,0.016666667
6737,1341700380,1,0.833333333,3,0.05
6738,1333207020,1,0.75,7,0.116666667
6739,1333216800,1,0.5,5,0.083333333
6740,1333208100,1,0.666666667,0,0
6741,1333207260,1,0.666666667,12,0.2
6742,1225793220,1,0.666666667,2,0.033333333
6743,1225820460,1,0.6,0,0
6744,1391869980,1,0.571428571,1,0.016666667
6745,1391876040,1,0.5,9,0.15
6746,1382206140,1,0.666666667,6,0.1
6747,1382206380,1,0.8,0,0
6748,1382206440,1,0.6875,1,0.016666667
6749,1362045540,1,0.75,7,0.116666667
6750,1362045600,1,0.5,10,0.166666667
6751,1362045660,1,0.714285714,1,0.016666667
6752,1362046440,1,0.75,2,0.033333333
6753,1362045720,1,0.75,1,0.016666667
6754,1362045780,1,0.5,0,0
6755,1362045960,1,0.666666667,0,0
6756,1362045960,1,0.571428571,0,0
6757,1382161980,1,0.666666667,3,0.05
6758,1331736360,1,0.666666667,0,0
6759,1331737320,1,0.8,0,0
6760,1337191620,1,0.666666667,1,0.016666667
6761,1372083780,1,0.5,0,0
6762,1337190000,1,0.666666667,1,0.016666667
6763,1315621800,1,0.75,2,0.033333333
6764,1315623180,1,0.8,0,0
6765,1315622100,1,0.8,4,0.066666667
6766,1315622160,1,0.8,2,0.033333333
6767,1308074400,1,0.785714286,15,0.25
6768,1311098220,1,0.6,1,0.016666667
6769,1308088740,1,0.75,0,0
6770,1308081000,1,0.6,2,0.033333333
6771,1385025000,1,0.833333333,2,0.033333333
6772,1385025180,1,0.625,5,0.083333333
6773,1385025240,1,0.75,2,0.033333333
6774,1385026620,1,0.666666667,2,0.033333333
6775,1385026680,1,0.714285714,6,0.1
6776,1385025180,1,0.5,3,0.05
6777,1385025180,1,0.8,3,0.05
6778,1364071800,1,0.5,2,0.033333333
6779,1364074740,1,0.8,1,0.016666667
6780,1364072040,1,0.75,1,0.016666667
6781,1273680540,1,0.8,2,0.033333333
6782,1273681080,1,0.8,0,0
6783,1348715460,1,0.6,1,0.016666667
6784,1269595920,1,0.833333333,4,0.066666667
6785,1269596160,1,0.833333333,6,0.1
6786,1269596160,1,0.75,4,0.066666667
6787,1397199660,1,0.5,3,0.05
6788,1397594280,1,0.555555556,5,0.083333333
6789,1341243000,1,0.8,6,0.1
6790,1341243240,1,0.5,5,0.083333333
6791,1341243660,1,0.666666667,4,0.066666667
6792,1341243240,1,0.75,2,0.033333333
6793,1341243540,1,0.75,2,0.033333333
6794,1339672200,1,0.666666667,1,0.016666667
6795,1339672680,1,0.6,3,0.05
6796,1325159580,1,0.5,1,0.016666667
6797,1325159820,1,0.75,0,0
6798,1325159880,1,0.555555556,5,0.083333333
6799,1325160000,1,0.782608696,3,0.05
6800,1292024520,1,0.666666667,7,0.116666667
6801,1292024880,1,0.571428571,1,0.016666667
6802,1292024880,1,0.8,1,0.016666667
6803,1292030400,1,0.714285714,22,0.366666667
6804,1292025480,1,0.666666667,4,0.066666667
6805,1292025840,1,0.714285714,5,0.083333333
6806,1292028180,1,0.5,2,0.033333333
6807,1277892360,1,0.666666667,7,0.116666667
6808,1277893800,1,0.666666667,5,0.083333333
6809,1277892660,1,0.833333333,4,0.066666667
6810,1277898960,1,0.545454545,0,0
6811,1274804940,1,0.666666667,0,0
6812,1274866200,1,0.6,1,0.016666667
6813,1273846440,1,0.8,1,0.016666667
6814,1273846800,1,0.666666667,5,0.083333333
6815,1273846740,1,0.5,3,0.05
6816,1273846740,1,0.6,0,0
6817,1273846860,1,0.666666667,2,0.033333333
6818,1273846860,1,0.666666667,1,0.016666667
6819,1273848780,1,0.6,0,0
6820,1261679640,1,0.916666667,1,0.016666667
6821,1261680120,1,0.666666667,1,0.016666667
6822,1261680120,1,0.666666667,1,0.016666667
6823,1261680360,1,0.8,0,0
6824,1257388860,1,0.666666667,0,0
6825,1257428460,1,0.666666667,4,0.066666667
6826,1257389520,1,0.5,4,0.066666667
6827,1257389100,1,0.666666667,2,0.033333333
6828,1385467920,1,0.714285714,2,0.033333333
6829,1385468340,1,0.571428571,9,0.15
6830,1363455600,1,0.75,1,0.016666667
6831,1363455960,1,0.583333333,2,0.033333333
6832,1340022120,1,0.75,8,0.133333333
6833,1340022600,1,0.75,10,0.166666667
6834,1340022660,1,0.8,1,0.016666667
6835,1327667280,1,0.666666667,3,0.05
6836,1327667700,1,0.666666667,5,0.083333333
6837,1327674180,1,0.5,2,0.033333333
6838,1327668000,1,0.666666667,2,0.033333333
6839,1298285460,1,0.666666667,2,0.033333333
6840,1298285820,1,0.5,0,0
6841,1298285760,1,0.833333333,3,0.05
6842,1298285880,1,0.5,0,0
6843,1298285940,1,0.666666667,2,0.033333333
6844,1298290740,1,0.75,1,0.016666667
6845,1291219200,1,0.666666667,3,0.05
6846,1291254300,1,0.8,2,0.033333333
6847,1291299300,1,0.875,2,0.033333333
6848,1403606520,1,0.6,3,0.05
6849,1403606880,1,0.5,6,0.1
6850,1403607180,1,0.857142857,6,0.1
6851,1403607360,1,0.857142857,13,0.216666667
6852,1402507440,1,0.8,6,0.1
6853,1402554300,1,0.777777778,0,0
6854,1296949020,1,0.888888889,2,0.033333333
6855,1296950160,1,0.666666667,1,0.016666667
6856,1296949980,1,0.714285714,1,0.016666667
6857,1297027080,1,0.555555556,2,0.033333333
6858,1274452860,1,0.823529412,8,0.133333333
6859,1274453400,1,0.666666667,0,0
6860,1274453220,1,0.666666667,0,0
6861,1274453160,1,0.8,0,0
6862,1359445080,1,0.666666667,4,0.066666667
6863,1382030880,1,0.666666667,3,0.05
6864,1382031300,1,0.666666667,4,0.066666667
6865,1382030940,1,0.666666667,2,0.033333333
6866,1382031960,1,0.666666667,1,0.016666667
6867,1382032920,1,0.8,2,0.033333333
6868,1382031660,1,0.764705882,0,0
6869,1320665520,1,0.5,1,0.016666667
6870,1320665760,1,0.5,5,0.083333333
6871,1287611820,1,0.5,3,0.05
6872,1287612300,1,0.666666667,4,0.066666667
6873,1287612240,1,0.75,3,0.05
6874,1317738480,1,0.666666667,1,0.016666667
6875,1287612360,1,0.875,0,0
6876,1287612420,1,0.666666667,1,0.016666667
6877,1398966300,1,0.857142857,0,0
6878,1287612060,1,0.833333333,0,0
6879,1287612060,1,0.5,2,0.033333333
6880,1287612360,1,0.727272727,8,0.133333333
6881,1374791460,1,0.666666667,6,0.1
6882,1388524260,1,0.875,6,0.1
6883,1315411140,1,0.75,1,0.016666667
6884,1315469220,1,0.666666667,2,0.033333333
6885,1338123420,1,0.714285714,3,0.05
6886,1338124020,1,0.75,2,0.033333333
6887,1338127320,1,0.5,2,0.033333333
6888,1338123780,1,0.8,3,0.05
6889,1338128400,1,0.6,9,0.15
6890,1330778280,1,0.666666667,3,0.05
6891,1330779060,1,0.666666667,4,0.066666667
6892,1330780500,1,0.833333333,1,0.016666667
6893,1312191000,1,0.8,0,0
6894,1312191540,1,0.8,0,0
6895,1312191120,1,0.538461538,0,0
6896,1312191540,1,0.888888889,6,0.1
6897,1363097160,1,0.714285714,4,0.066666667
6898,1379776080,1,0.692307692,4,0.066666667
6899,1272634620,1,0.769230769,5,0.083333333
6900,1272635340,1,0.6,19,0.316666667
6901,1369196400,1,0.888888889,2,0.033333333
6902,1369198260,1,0.666666667,1,0.016666667
6903,1369197600,1,0.666666667,2,0.033333333
6904,1369198380,1,0.666666667,4,0.066666667
6905,1349107320,1,0.8,4,0.066666667
6906,1349107440,1,0.666666667,2,0.033333333
6907,1349107500,1,0.5,1,0.016666667
6908,1349107440,1,0.6,1,0.016666667
6909,1349107800,1,0.5,4,0.066666667
6910,1349107980,1,0.75,2,0.033333333
6911,1349107740,1,0.6,4,0.066666667
6912,1349110980,1,0.6,3,0.05
6913,1383690180,1,0.666666667,0,0
6914,1345449240,1,0.571428571,0,0
6915,1345460520,1,0.625,2,0.033333333
6916,1342277220,1,0.625,1,0.016666667
6917,1342277760,1,0.8,0,0
6918,1342277640,1,0.75,2,0.033333333
6919,1342284660,1,0.6,4,0.066666667
6920,1341489120,1,0.666666667,0,0
6921,1341518820,1,0.75,1,0.016666667
6922,1341489480,1,0.727272727,1,0.016666667
6923,1341489540,1,0.857142857,1,0.016666667
6924,1278901800,1,0.666666667,0,0
6925,1278901980,1,0.75,0,0
6926,1278901980,1,0.5,0,0
6927,1278902040,1,0.833333333,0,0
6928,1397584140,1,0.636363636,8,0.133333333
6929,1397586480,1,0.761904762,1,0.016666667
6930,1394364180,1,0.583333333,3,0.05
6931,1394364900,1,0.8,21,0.35
6932,1394364960,1,0.833333333,17,0.283333333
6933,1394365140,1,0.666666667,1,0.016666667
6934,1346913300,1,0.727272727,1,0.016666667
6935,1346914320,1,0.75,2,0.033333333
6936,1334247000,1,0.714285714,6,0.1
6937,1334247180,1,0.6,0,0
6938,1316541660,1,0.75,1,0.016666667
6939,1316541780,1,0.75,6,0.1
6940,1392621960,1,0.75,0,0
6941,1316542620,1,0.666666667,0,0
6942,1376112420,1,0.571428571,2,0.033333333
6943,1387807380,1,0.857142857,4,0.066666667
6944,1310753280,1,0.8,0,0
6945,1310756520,1,0.666666667,1,0.016666667
6946,1310755020,1,0.666666667,3,0.05
6947,1310754180,1,0.6,0,0
6948,1310754780,1,0.6,0,0
6949,1310755380,1,0.5,0,0
6950,1310142000,1,0.769230769,2,0.033333333
6951,1310467080,1,0.888888889,0,0
6952,1310144940,1,0.75,1,0.016666667
6953,1380040500,1,0.75,6,0.1
6954,1306704900,1,0.615384615,5,0.083333333
6955,1306705260,1,0.857142857,4,0.066666667
6956,1305181260,1,0.666666667,1,0.016666667
6957,1305181740,1,0.714285714,6,0.1
6958,1305182400,1,0.5,2,0.033333333
6959,1305185040,1,0.666666667,9,0.15
6960,1302443400,1,0.875,0,0
6961,1302443580,1,0.6,3,0.05
6962,1302443520,1,0.666666667,3,0.05
6963,1302444000,1,0.75,3,0.05
6964,1385025960,1,0.6,6,0.1
6965,1385026320,1,0.8,1,0.016666667
6966,1385026380,1,0.777777778,2,0.033333333
6967,1385026800,1,0.5,3,0.05
6968,1385026980,1,0.8,0,0
6969,1385027700,1,0.75,1,0.016666667
6970,1371632700,1,0.5,2,0.033333333
6971,1371632760,1,0.666666667,1,0.016666667
6972,1371632820,1,0.5,0,0
6973,1371632880,1,0.875,1,0.016666667
6974,1371632880,1,0.75,1,0.016666667
6975,1371633960,1,0.571428571,3,0.05
6976,1371632760,1,0.5,1,0.016666667
6977,1371632760,1,0.666666667,0,0
6978,1371633420,1,0.666666667,0,0
6979,1351155660,1,0.833333333,1,0.016666667
6980,1351156320,1,0.666666667,4,0.066666667
6981,1351156140,1,0.5,4,0.066666667
6982,1351156380,1,0.75,1,0.016666667
6983,1351157160,1,0.666666667,2,0.033333333
6984,1345658040,1,0.6,9,0.15
6985,1345658340,1,0.714285714,1,0.016666667
6986,1345658280,1,0.75,1,0.016666667
6987,1343646360,1,0.666666667,8,0.133333333
6988,1343646780,1,0.9,7,0.116666667
6989,1343647500,1,0.8,1,0.016666667
6990,1343647140,1,0.714285714,7,0.116666667
6991,1334599140,1,0.75,9,0.15
6992,1334599620,1,0.857142857,12,0.2
6993,1334599740,1,0.8,4,0.066666667
6994,1334600220,1,0.75,6,0.1
6995,1334646480,1,0.857142857,4,0.066666667
6996,1333364100,1,0.8,2,0.033333333
6997,1333364160,1,0.75,1,0.016666667
6998,1333364220,1,0.6,0,0
6999,1333364280,1,0.666666667,1,0.016666667
7000,1333366380,1,0.666666667,1,0.016666667
7001,1331792460,1,0.75,3,0.05
7002,1331797560,1,0.666666667,7,0.116666667
7003,1331794440,1,0.833333333,4,0.066666667
7004,1320942540,1,0.8,2,0.033333333
7005,1320942540,1,0.5,2,0.033333333
7006,1320942780,1,0.888888889,0,0
7007,1320944340,1,0.8,1,0.016666667
7008,1320944340,1,0.75,0,0
7009,1320402180,1,0.555555556,6,0.1
7010,1320402900,1,0.6,9,0.15
7011,1320402480,1,0.8,1,0.016666667
7012,1320402720,1,0.5,6,0.1
7013,1320402960,1,0.6,4,0.066666667
7014,1320402960,1,0.5,2,0.033333333
7015,1309361820,1,0.571428571,6,0.1
7016,1309362000,1,0.888888889,3,0.05
7017,1322499420,1,0.666666667,16,0.266666667
7018,1305536280,1,0.571428571,0,0
7019,1305536400,1,0.6,6,0.1
7020,1305536460,1,0.5,1,0.016666667
7021,1305536520,1,0.833333333,1,0.016666667
7022,1306002240,1,0.555555556,3,0.05
7023,1401818520,1,0.863636364,4,0.066666667
7024,1300811940,1,0.5,9,0.15
7025,1300812600,1,0.75,0,0
7026,1300812180,1,0.666666667,1,0.016666667
7027,1300812300,1,0.857142857,2,0.033333333
7028,1300812240,1,0.833333333,3,0.05
7029,1298803980,1,0.75,4,0.066666667
7030,1298809620,1,0.666666667,11,0.183333333
7031,1298804880,1,0.5,1,0.016666667
7032,1298810640,1,0.666666667,4,0.066666667
7033,1298810700,1,0.75,9,0.15
7034,1295452320,1,0.75,4,0.066666667
7035,1295452860,1,0.833333333,0,0
7036,1272281340,1,0.833333333,14,0.233333333
7037,1272289560,1,0.555555556,5,0.083333333
7038,1272283500,1,0.6,1,0.016666667
7039,1268392200,1,0.666666667,3,0.05
7040,1268393340,1,0.7,1,0.016666667
7041,1354526580,1,0.75,3,0.05
7042,1268392320,1,0.666666667,0,0
7043,1268392620,1,0.5,2,0.033333333
7044,1268392740,1,0.75,1,0.016666667
7045,1263216120,1,0.777777778,2,0.033333333
7046,1263216300,1,0.666666667,0,0
7047,1263216180,1,0.857142857,0,0
7048,1263218100,1,0.666666667,0,0
7049,1262787780,1,0.5,6,0.1
7050,1262788020,1,0.6,19,0.316666667
7051,1262788020,1,0.666666667,19,0.316666667
7052,1262787960,1,0.5,7,0.116666667
7053,1262788080,1,0.909090909,4,0.066666667
7054,1262788500,1,0.6,2,0.033333333
7055,1262790300,1,0.75,1,0.016666667
7056,1261541640,1,0.5,3,0.05
7057,1261552920,1,0.5,4,0.066666667
7058,1261543080,1,0.666666667,3,0.05
7059,1261544100,1,0.571428571,0,0
7060,1261543860,1,0.666666667,0,0
7061,1252884720,1,0.6,2,0.033333333
7062,1252885200,1,0.75,4,0.066666667
7063,1254932280,1,0.666666667,4,0.066666667
7064,1254934440,1,0.666666667,13,0.216666667
7065,1297245960,1,0.666666667,0,0
7066,1378008360,1,0.5,8,0.133333333
7067,1378012320,1,0.8,3,0.05
7068,1378011240,1,0.5,1,0.016666667
7069,1378012440,1,0.75,0,0
7070,1378029960,1,0.833333333,2,0.033333333
7071,1377803280,1,0.714285714,5,0.083333333
7072,1377803760,1,0.888888889,4,0.066666667
7073,1377804000,1,0.7,2,0.033333333
7074,1366519680,1,0.714285714,1,0.016666667
7075,1366520520,1,0.8,2,0.033333333
7076,1366519920,1,0.5,2,0.033333333
7077,1366519920,1,0.5,1,0.016666667
7078,1365321720,1,0.571428571,4,0.066666667
7079,1365322260,1,0.571428571,3,0.05
7080,1365321900,1,0.615384615,1,0.016666667
7081,1365322200,1,0.545454545,0,0
7082,1365321900,1,0.777777778,0,0
7083,1365322800,1,0.733333333,0,0
7084,1357464660,1,0.705882353,2,0.033333333
7085,1357466520,1,0.666666667,1,0.016666667
7086,1357464780,1,0.6,1,0.016666667
7087,1357469700,1,0.8,12,0.2
7088,1357538160,1,0.5,6,0.1
7089,1357466940,1,0.75,1,0.016666667
7090,1357465320,1,0.833333333,0,0
7091,1355137800,1,0.5,4,0.066666667
7092,1355138580,1,0.875,3,0.05
7093,1355138520,1,0.666666667,3,0.05
7094,1331591220,1,0.6,1,0.016666667
7095,1331591520,1,0.666666667,0,0
7096,1331591520,1,0.666666667,0,0
7097,1328547480,1,0.875,1,0.016666667
7098,1328547600,1,0.666666667,0,0
7099,1328547660,1,0.666666667,0,0
7100,1328548140,1,0.5,1,0.016666667
7101,1309491360,1,0.666666667,1,0.016666667
7102,1309491480,1,0.75,1,0.016666667
7103,1309492200,1,0.8,2,0.033333333
7104,1335550260,1,0.75,1,0.016666667
7105,1300807320,1,0.75,2,0.033333333
7106,1300811640,1,0.75,0,0
7107,1300808280,1,0.833333333,0,0
7108,1297257360,1,0.6,3,0.05
7109,1297257660,1,0.571428571,6,0.1
7110,1297257660,1,0.666666667,2,0.033333333
7111,1297257720,1,0.5,0,0
7112,1275902880,1,0.588235294,1,0.016666667
7113,1275903660,1,0.75,2,0.033333333
7114,1275903720,1,0.6,1,0.016666667
7115,1275903180,1,0.666666667,0,0
7116,1275904500,1,0.928571429,4,0.066666667
7117,1275903840,1,0.75,2,0.033333333
7118,1264705560,1,0.571428571,4,0.066666667
7119,1264708080,1,0.6,1,0.016666667
7120,1264706880,1,0.5,0,0
7121,1264707060,1,0.5,4,0.066666667
7122,1264706400,1,0.555555556,2,0.033333333
7123,1264706580,1,0.625,0,0
7124,1400770860,1,0.6,3,0.05
7125,1400771400,1,0.857142857,8,0.133333333
7126,1400771040,1,0.833333333,0,0
7127,1400772180,1,0.6,1,0.016666667
7128,1400771700,1,0.75,1,0.016666667
7129,1399916400,1,0.666666667,0,0
7130,1399917900,1,0.857142857,4,0.066666667
7131,1399917120,1,0.666666667,1,0.016666667
7132,1399916400,1,0.578947368,0,0
7133,1399917900,1,0.75,4,0.066666667
7134,1399917120,1,0.666666667,1,0.016666667
7135,1395334440,1,0.666666667,4,0.066666667
7136,1395334620,1,0.6,0,0
7137,1395334560,1,0.615384615,0,0
7138,1392045840,1,0.571428571,0,0
7139,1392045960,1,0.6,0,0
7140,1392046020,1,0.75,0,0
7141,1392046020,1,0.833333333,1,0.016666667
7142,1392046080,1,0.666666667,1,0.016666667
7143,1392046080,1,0.75,1,0.016666667
7144,1392046500,1,0.6,3,0.05
7145,1392046380,1,0.666666667,1,0.016666667
7146,1392818100,1,0.666666667,0,0
7147,1402764300,1,0.727272727,2,0.033333333
7148,1391715060,1,0.5,5,0.083333333
7149,1392301680,1,0.5,2,0.033333333
7150,1388948520,1,0.6,6,0.1
7151,1388948940,1,0.6,0,0
7152,1388895180,1,0.777777778,7,0.116666667
7153,1388895960,1,0.625,2,0.033333333
7154,1388898060,1,0.8,10,0.166666667
7155,1388927460,1,0.75,5,0.083333333
7156,1384903080,1,0.526315789,0,0
7157,1384903200,1,0.545454545,7,0.116666667
7158,1376242800,1,0.571428571,5,0.083333333
7159,1376243160,1,0.5,2,0.033333333
7160,1376243340,1,0.75,9,0.15
7161,1374456360,1,0.75,11,0.183333333
7162,1374456540,1,0.666666667,0,0
7163,1374457380,1,0.8,4,0.066666667
7164,1369106400,1,0.857142857,1,0.016666667
7165,1369113780,1,0.857142857,2,0.033333333
7166,1369106460,1,0.833333333,4,0.066666667
7167,1369106460,1,0.8,1,0.016666667
7168,1369107000,1,0.6,2,0.033333333
7169,1367038140,1,0.6,5,0.083333333
7170,1367038620,1,0.6,0,0
7171,1360429140,1,0.666666667,3,0.05
7172,1360429440,1,0.714285714,1,0.016666667
7173,1360429440,1,0.666666667,4,0.066666667
7174,1360429440,1,0.666666667,1,0.016666667
7175,1360429620,1,0.6,7,0.116666667
7176,1360429620,1,0.75,8,0.133333333
7177,1354932180,1,0.666666667,5,0.083333333
7178,1354935180,1,0.857142857,9,0.15
7179,1353929040,1,0.5,8,0.133333333
7180,1353954540,1,0.75,0,0
7181,1348146540,1,0.818181818,3,0.05
7182,1348146900,1,0.888888889,1,0.016666667
7183,1348148100,1,0.857142857,0,0
7184,1344852060,1,0.7,6,0.1
7185,1344852360,1,0.777777778,0,0
7186,1344852540,1,0.777777778,2,0.033333333
7187,1344795600,1,0.75,2,0.033333333
7188,1344795720,1,0.777777778,1,0.016666667
7189,1342968000,1,0.857142857,8,0.133333333
7190,1343053380,1,0.777777778,3,0.05
7191,1343068260,1,0.666666667,4,0.066666667
7192,1331208420,1,0.777777778,13,0.216666667
7193,1331208900,1,0.8,0,0
7194,1315949700,1,0.714285714,0,0
7195,1315951200,1,0.571428571,1,0.016666667
7196,1315950000,1,0.5,1,0.016666667
7197,1309290120,1,0.666666667,7,0.116666667
7198,1309290660,1,0.666666667,5,0.083333333
7199,1292494020,1,0.6,2,0.033333333
7200,1292494140,1,0.714285714,0,0
7201,1292494080,1,0.5,1,0.016666667
7202,1292494740,1,0.666666667,1,0.016666667
7203,1292494200,1,0.857142857,0,0
7204,1292494260,1,0.666666667,1,0.016666667
7205,1251719160,1,0.857142857,2,0.033333333
7206,1251719760,1,0.833333333,4,0.066666667
7207,1251719760,1,0.666666667,3,0.05
7208,1251720300,1,0.571428571,1,0.016666667
7209,1251719880,1,0.8,4,0.066666667
7210,1251720000,1,0.8,5,0.083333333
